Suburb,State,PostCode,Broker Name,Broker URL
ABBA RIVER,WA,6280,Bernadette van Kleef,https://findabroker.mfaa.com.au/broker/bernadette-van-kleef
ABBA RIVER,WA,6280,Kerrie Bell,https://findabroker.mfaa.com.au/broker/kerrie-bell
ABBA RIVER,WA,6280,David Johnston,https://findabroker.mfaa.com.au/broker/david-johnston-2
ABBA RIVER,WA,6280,Mark Van Kleef,https://findabroker.mfaa.com.au/broker/mark-van-kleef
ABBA RIVER,WA,6280,Sarah Lang,https://findabroker.mfaa.com.au/broker/sarah-lang
ABBA RIVER,WA,6280,Scott Roberts,https://findabroker.mfaa.com.au/broker/scott-roberts
ABBA RIVER,WA,6280,Constantinos Tsimiklis,https://findabroker.mfaa.com.au/broker/constantinos-tsimiklis
ABBA RIVER,WA,6280,ARSHDEEP KALSI,https://findabroker.mfaa.com.au/broker/arshdeep-singh-kalsi
ABBA RIVER,WA,6280,Tony Nahal,https://findabroker.mfaa.com.au/broker/antoun-nahal
ABBA RIVER,WA,6280,David Oastler,https://findabroker.mfaa.com.au/broker/david-oastler
ABBA RIVER,WA,6280,Ben Daly,https://findabroker.mfaa.com.au/broker/benjamin-daly
ABBA RIVER,WA,6280,Matthew Townley-Jones,https://findabroker.mfaa.com.au/broker/matthew-townley-jones
ABBA RIVER,WA,6280,Benjamin Campbell,https://findabroker.mfaa.com.au/broker/benjamin-campbell
ABBA RIVER,WA,6280,Adam Connelly,https://findabroker.mfaa.com.au/broker/adam-connelly
ABBA RIVER,WA,6280,Josephine Tan,https://findabroker.mfaa.com.au/broker/josephine-tan
ABBA RIVER,WA,6280,Anna Nissan,https://findabroker.mfaa.com.au/broker/anna-nissan
ABBA RIVER,WA,6280,Michaela McDonald,https://findabroker.mfaa.com.au/broker/michaela-mcdonald
ABBA RIVER,WA,6280,Matthew Daniells,https://findabroker.mfaa.com.au/broker/matthew-daniells
ABBA RIVER,WA,6280,Daniel Bottrell,https://findabroker.mfaa.com.au/broker/daniel-bottrell
ABBA RIVER,WA,6280,James Stewart,https://findabroker.mfaa.com.au/broker/james-stewart
ABBA RIVER,WA,6280,Stuart Fitzpatrick,https://findabroker.mfaa.com.au/broker/stuart-fitzpatrick
ABBA RIVER,WA,6280,Krishna Sapkota,https://findabroker.mfaa.com.au/broker/krishna-sapkota
ABBA RIVER,WA,6280,Nathan Murphy,https://findabroker.mfaa.com.au/broker/nathan-murphy
ABBA RIVER,WA,6280,Shaun Rose,https://findabroker.mfaa.com.au/broker/shaun-rose
ABBA RIVER,WA,6280,Shanthi Herd,https://findabroker.mfaa.com.au/broker/shanthi-herd
ABBA RIVER,WA,6280,Alan Hicking,https://findabroker.mfaa.com.au/broker/alan-hicking
ABBA RIVER,WA,6280,Damon Mulready,https://findabroker.mfaa.com.au/broker/damon-mulready
ABBA RIVER,WA,6280,Mark Burridge,https://findabroker.mfaa.com.au/broker/mark-burridge
ABBA RIVER,WA,6280,Hua Ye,https://findabroker.mfaa.com.au/broker/hua-ye
ABBA RIVER,WA,6280,Kirsty Hall,https://findabroker.mfaa.com.au/broker/kirsty-hall
ABBA RIVER,WA,6280,Cody Ratcliffe Sprowles,https://findabroker.mfaa.com.au/broker/cody-ratcliffe-sprowles
ABBA RIVER,WA,6280,Matt Pirozzi,https://findabroker.mfaa.com.au/broker/matthew-pirozzi
ABBA RIVER,WA,6280,Bernie Humphreys,https://findabroker.mfaa.com.au/broker/bernard-humphreys
ABBA RIVER,WA,6280,Alisha Spanidis,https://findabroker.mfaa.com.au/broker/alisha-spanidis
ABBA RIVER,WA,6280,George Pain,https://findabroker.mfaa.com.au/broker/george-pain
ABBA RIVER,WA,6280,Michelle Gates,https://findabroker.mfaa.com.au/broker/michelle-gates
ABBA RIVER,WA,6280,Mhairi MacLeod JP,https://findabroker.mfaa.com.au/broker/mhairi-macleod-jp
ABBA RIVER,WA,6280,Sofia Sculli,https://findabroker.mfaa.com.au/broker/annette-sofia-sculli
ABBA RIVER,WA,6280,Aidan Hartley,https://findabroker.mfaa.com.au/broker/aidan-hartley
ABBA RIVER,WA,6280,Darren Moon,https://findabroker.mfaa.com.au/broker/darren-moon
ABBA RIVER,WA,6280,John Arnold,https://findabroker.mfaa.com.au/broker/john-arnold
ABBA RIVER,WA,6280,Jonathan Li,https://findabroker.mfaa.com.au/broker/jonathan-kai-hua-li
ABBA RIVER,WA,6280,David Albanese,https://findabroker.mfaa.com.au/broker/david-albanese
ABBA RIVER,WA,6280,Linda Lai,https://findabroker.mfaa.com.au/broker/linda-wan-jing-lai
ABBA RIVER,WA,6280,Colin Ward,https://findabroker.mfaa.com.au/broker/colin-ward
ABBA RIVER,WA,6280,Ella Varga,https://findabroker.mfaa.com.au/broker/ella-varga
ABBA RIVER,WA,6280,Josh Fox,https://findabroker.mfaa.com.au/broker/joshua-fox
ABBA RIVER,WA,6280,Brandon Lawler,https://findabroker.mfaa.com.au/broker/brandon-lawler
ABBA RIVER,WA,6280,Amelia Pignone,https://findabroker.mfaa.com.au/broker/amelia-pignone
ABBA RIVER,WA,6280,Kelly Paterson,https://findabroker.mfaa.com.au/broker/kelly-paterson
ABBA RIVER,WA,6280,Elie Kassably,https://findabroker.mfaa.com.au/broker/elie-kassably
ABBA RIVER,WA,6280,Harrison Schick,https://findabroker.mfaa.com.au/broker/harrison-schick
ABBA RIVER,WA,6280,Lucas Mannix,https://findabroker.mfaa.com.au/broker/lucas-mannix
ABBA RIVER,WA,6280,Allyssa Brown,https://findabroker.mfaa.com.au/broker/allyssa-brown
ABBA RIVER,WA,6280,Andrew Soo,https://findabroker.mfaa.com.au/broker/andrew-soo
ABBA RIVER,WA,6280,Joe Killian,https://findabroker.mfaa.com.au/broker/joe-killian
ABBA RIVER,WA,6280,Paul Brooks,https://findabroker.mfaa.com.au/broker/paul-brooks
ABBA RIVER,WA,6280,Herbert Mai,https://findabroker.mfaa.com.au/broker/herbert-mai
ABBA RIVER,WA,6280,Leanne Ngo,https://findabroker.mfaa.com.au/broker/sok-ngo
ABBA RIVER,WA,6280,David Falkenberg,https://findabroker.mfaa.com.au/broker/david-falkenberg
ABBA RIVER,WA,6280,Aaron McInnes,https://findabroker.mfaa.com.au/broker/aaron-mcinnes
ABBA RIVER,WA,6280,Adam Slade-Jacobson,https://findabroker.mfaa.com.au/broker/adam-slade-jacobson
ABBA RIVER,WA,6280,Hanif Ibrahim,https://findabroker.mfaa.com.au/broker/hanif-ibrahim
ABBA RIVER,WA,6280,Carissa Kenny,https://findabroker.mfaa.com.au/broker/carissa-kenny
ABBA RIVER,WA,6280,Claire Archer,https://findabroker.mfaa.com.au/broker/claire-archer
ABBA RIVER,WA,6280,Stephen Kim,https://findabroker.mfaa.com.au/broker/hyoung-seok-kim
ABBA RIVER,WA,6280,Cassandra Briggs,https://findabroker.mfaa.com.au/broker/cassandra-briggs
ABBA RIVER,WA,6280,Ben OKeefe,https://findabroker.mfaa.com.au/broker/benjamin-okeefe
ABBA RIVER,WA,6280,Matthew Oughtred,https://findabroker.mfaa.com.au/broker/matthew-oughtred
ABBA RIVER,WA,6280,Vicky Wei,https://findabroker.mfaa.com.au/broker/ling-wei
ABBA RIVER,WA,6280,Josie Ma,https://findabroker.mfaa.com.au/broker/juanjuan-ma
ABBA RIVER,WA,6280,Carol Deuter,https://findabroker.mfaa.com.au/broker/carol-deuter
ABBA RIVER,WA,6280,Mark Hevron,https://findabroker.mfaa.com.au/broker/mark-hevron
ABBA RIVER,WA,6280,Marcus Roberts,https://findabroker.mfaa.com.au/broker/marcus-roberts
ABBA RIVER,WA,6280,Cassandra Randall,https://findabroker.mfaa.com.au/broker/cassandra-randall
ABBA RIVER,WA,6280,Steve Richards,https://findabroker.mfaa.com.au/broker/stephen-richards
ABBA RIVER,WA,6280,James Wang,https://findabroker.mfaa.com.au/broker/jun-wang
ABBA RIVER,WA,6280,Coen Volkl,https://findabroker.mfaa.com.au/broker/coen-volkl
ABBA RIVER,WA,6280,Darian Lobb,https://findabroker.mfaa.com.au/broker/darian-lobb
ABBA RIVER,WA,6280,Linda Wu,https://findabroker.mfaa.com.au/broker/lin-wu
ABBA RIVER,WA,6280,Brendan Jiang,https://findabroker.mfaa.com.au/broker/fang-jiang
ABBA RIVER,WA,6280,Dyson Sumsion,https://findabroker.mfaa.com.au/broker/dyson-sumsion
ABBA RIVER,WA,6280,Matt Spears,https://findabroker.mfaa.com.au/broker/matthew-spears
ABBA RIVER,WA,6280,Dani Podolak,https://findabroker.mfaa.com.au/broker/danielle-podolak
ABBA RIVER,WA,6280,Brian Hastings,https://findabroker.mfaa.com.au/broker/brian-hastings
ABBA RIVER,WA,6280,Michael Johnston,https://findabroker.mfaa.com.au/broker/michael-johnston
ABBA RIVER,WA,6280,Eugene Riceputo,https://findabroker.mfaa.com.au/broker/eugene-riceputo
ABBA RIVER,WA,6280,Jordan Roumbas,https://findabroker.mfaa.com.au/broker/jordan-roumbas
ABBA RIVER,WA,6280,Harneet Kaur,https://findabroker.mfaa.com.au/broker/harneet-kaur
ABBA RIVER,WA,6280,Jesse Singh,https://findabroker.mfaa.com.au/broker/jesse-singh
ABBA RIVER,WA,6280,Matthew Hammond,https://findabroker.mfaa.com.au/broker/matthew-hammond
ABBA RIVER,WA,6280,Charlie Padula,https://findabroker.mfaa.com.au/broker/charlie-padula
ABBA RIVER,WA,6280,Justin Edwards,https://findabroker.mfaa.com.au/broker/justin-edwards
ABBA RIVER,WA,6280,Lachlan Creese,https://findabroker.mfaa.com.au/broker/lachlan-creese
ABBA RIVER,WA,6280,Matthew Coolican,https://findabroker.mfaa.com.au/broker/matthew-coolican
ABBA RIVER,WA,6280,Craig Nicholas,https://findabroker.mfaa.com.au/broker/craig-nicholas
ABBA RIVER,WA,6280,Huong Tran,https://findabroker.mfaa.com.au/broker/huong-thanh-thi-tran
ABBA RIVER,WA,6280,Mark Exham,https://findabroker.mfaa.com.au/broker/mark-exham
ABBA RIVER,WA,6280,Matthew Atkin,https://findabroker.mfaa.com.au/broker/matthew-atkin
ABBA RIVER,WA,6280,Brent Thrush,https://findabroker.mfaa.com.au/broker/brent-thrush
ABBA RIVER,WA,6280,Kevin Yang,https://findabroker.mfaa.com.au/broker/li-yang
ABBA RIVER,WA,6280,Tim Lewis,https://findabroker.mfaa.com.au/broker/timothy-lewis
ABBA RIVER,WA,6280,Paul Hogan,https://findabroker.mfaa.com.au/broker/paul-hogan
ABBA RIVER,WA,6280,Leo Bozzi,https://findabroker.mfaa.com.au/broker/leo-bozzi
ABBA RIVER,WA,6280,Lynelle Slade,https://findabroker.mfaa.com.au/broker/lynelle-slade
ABBA RIVER,WA,6280,Angus Dobb,https://findabroker.mfaa.com.au/broker/angus-dobb
ABBA RIVER,WA,6280,Marcus Conforto,https://findabroker.mfaa.com.au/broker/marcus-conforto
ABBA RIVER,WA,6280,Jason Rowlands,https://findabroker.mfaa.com.au/broker/jason-rowlands
ABBA RIVER,WA,6280,Tony Jiang,https://findabroker.mfaa.com.au/broker/quan-tony-jiang
ABBA RIVER,WA,6280,Michelle Augustus,https://findabroker.mfaa.com.au/broker/michelle-augustus
ABBA RIVER,WA,6280,Raj Acharya,https://findabroker.mfaa.com.au/broker/rajsekhara-acharya
ABBA RIVER,WA,6280,Hamish Blanch,https://findabroker.mfaa.com.au/broker/hamish-blanch
ABBA RIVER,WA,6280,Samantha Gilarte,https://findabroker.mfaa.com.au/broker/samantha-gilarte
ABBA RIVER,WA,6280,David Nassoor,https://findabroker.mfaa.com.au/broker/david-nassoor
ABBA RIVER,WA,6280,Amit Verma,https://findabroker.mfaa.com.au/broker/amit-verma
ABBA RIVER,WA,6280,Matt Edghill,https://findabroker.mfaa.com.au/broker/matthew-edghill
ABBA RIVER,WA,6280,John Manciameli,https://findabroker.mfaa.com.au/broker/john-manciameli
ABBA RIVER,WA,6280,David Lollback,https://findabroker.mfaa.com.au/broker/david-lollback
ABBA RIVER,WA,6280,Abbie Maasland,https://findabroker.mfaa.com.au/broker/abbie-maasland
ABBA RIVER,WA,6280,Ilenia Hudspeth,https://findabroker.mfaa.com.au/broker/ilenia-hudspeth
ABBA RIVER,WA,6280,Stuart Heath,https://findabroker.mfaa.com.au/broker/stuart-heath
ABBA RIVER,WA,6280,Andrew Kor,https://findabroker.mfaa.com.au/broker/andrew-kor
ABBA RIVER,WA,6280,Dawn Fitzgerald,https://findabroker.mfaa.com.au/broker/dawn-fitzgerald
ABBA RIVER,WA,6280,Jocelyn Bennett,https://findabroker.mfaa.com.au/broker/jocelyn-bennett
ABBA RIVER,WA,6280,Ben Upton,https://findabroker.mfaa.com.au/broker/ben-upton
ABBA RIVER,WA,6280,Ken Cai,https://findabroker.mfaa.com.au/broker/xingyu-cai
ABBA RIVER,WA,6280,Col Binding,https://findabroker.mfaa.com.au/broker/colin-binding
ABBA RIVER,WA,6280,Calvin Huynh,https://findabroker.mfaa.com.au/broker/calvin-huynh
ABBA RIVER,WA,6280,Abby Ellis,https://findabroker.mfaa.com.au/broker/abby-ellis
ABBA RIVER,WA,6280,Tanya Coxon,https://findabroker.mfaa.com.au/broker/tanya-coxon
ABBA RIVER,WA,6280,Ajay Agarwal,https://findabroker.mfaa.com.au/broker/ajay-agarwal
ABBA RIVER,WA,6280,Neha Aggarwal,https://findabroker.mfaa.com.au/broker/neha-aggarwal
ABBA RIVER,WA,6280,Mehdy Chioub,https://findabroker.mfaa.com.au/broker/mehdy-chioub
ABBA RIVER,WA,6280,Bradley Ban,https://findabroker.mfaa.com.au/broker/bradley-ban
ABBA RIVER,WA,6280,Dariton Xia,https://findabroker.mfaa.com.au/broker/dariton-xia
ABBA RIVER,WA,6280,Craig Forman,https://findabroker.mfaa.com.au/broker/craig-forman
ABBA RIVER,WA,6280,Benjamin Tan Yan Hong,https://findabroker.mfaa.com.au/broker/benjamin-tan-yan-hong
ABBA RIVER,WA,6280,Phil Wigley,https://findabroker.mfaa.com.au/broker/phil-wigley
ABBA RIVER,WA,6280,Joel Fincher,https://findabroker.mfaa.com.au/broker/joel-fincher
ABBA RIVER,WA,6280,Alex Locaputo,https://findabroker.mfaa.com.au/broker/alejandro-locaputo
ABBA RIVER,WA,6280,Darren Watson,https://findabroker.mfaa.com.au/broker/darren-watson
ABBA RIVER,WA,6280,James Keillor,https://findabroker.mfaa.com.au/broker/james-keillor
ABBA RIVER,WA,6280,John Cantamessa,https://findabroker.mfaa.com.au/broker/john-cantamessa
ABBA RIVER,WA,6280,Matt Perrott,https://findabroker.mfaa.com.au/broker/matthew-perrott
ABBA RIVER,WA,6280,Jess Van Den Heuvel,https://findabroker.mfaa.com.au/broker/jessica-van-den-heuvel
ABBA RIVER,WA,6280,Zach Willards,https://findabroker.mfaa.com.au/broker/zachariah-willards
ABBA RIVER,WA,6280,Christopher Manley,https://findabroker.mfaa.com.au/broker/christopher-manley
ABBA RIVER,WA,6280,Chris Smith,https://findabroker.mfaa.com.au/broker/christopher-smith-3
SPRINGVALE,VIC,3171,Hang Phan,https://findabroker.mfaa.com.au/broker/hang-nga-phan
SPRINGVALE,VIC,3171,Karen Reid,https://findabroker.mfaa.com.au/broker/karen-reid
SPRINGVALE,VIC,3171,Jayden Chen,https://findabroker.mfaa.com.au/broker/jayden-chen
SPRINGVALE,VIC,3171,Joachim Sim,https://findabroker.mfaa.com.au/broker/fook-aun-joachim-sim
SPRINGVALE,VIC,3171,Caitlyn Le,https://findabroker.mfaa.com.au/broker/caitlyn-le
SPRINGVALE,VIC,3171,Nick Chen,https://findabroker.mfaa.com.au/broker/nick-chen
SPRINGVALE,VIC,3171,Ted Ongarezos,https://findabroker.mfaa.com.au/broker/theodore-ongarezos
SPRINGVALE,VIC,3171,Ivan Wong,https://findabroker.mfaa.com.au/broker/ivan-wong
SPRINGVALE,VIC,3171,Jordan Smith,https://findabroker.mfaa.com.au/broker/jordan-smith
SPRINGVALE,VIC,3171,Jenny Kang,https://findabroker.mfaa.com.au/broker/jenny-kang
SPRINGVALE,VIC,3171,Amit Aggarwal,https://findabroker.mfaa.com.au/broker/amit-aggarwal
SPRINGVALE,VIC,3171,Chris Luong,https://findabroker.mfaa.com.au/broker/christopher-luong
SPRINGVALE,VIC,3171,Nayeema Islam,https://findabroker.mfaa.com.au/broker/nayeema-islam
SPRINGVALE,VIC,3171,Alex Woodward,https://findabroker.mfaa.com.au/broker/alex-woodward
SPRINGVALE,VIC,3171,Chanaka Lokubalasuriya,https://findabroker.mfaa.com.au/broker/chanaka-lokubalasuriya
SPRINGVALE,VIC,3171,Brij Panwar,https://findabroker.mfaa.com.au/broker/brajendra-panwar
SPRINGVALE,VIC,3171,Maria Elenis,https://findabroker.mfaa.com.au/broker/maria-elenis
SPRINGVALE,VIC,3171,Christalla Drougas,https://findabroker.mfaa.com.au/broker/christalla-drougas
SPRINGVALE,VIC,3171,Dhanushka Amunugama,https://findabroker.mfaa.com.au/broker/dhanushka-amunugama
SPRINGVALE,VIC,3171,Josh Stein,https://findabroker.mfaa.com.au/broker/joshua-stein
SPRINGVALE,VIC,3171,Hass Edirisinghe,https://findabroker.mfaa.com.au/broker/hasalaka-edirisinghe
SPRINGVALE,VIC,3171,Kumu Hettiarachchi,https://findabroker.mfaa.com.au/broker/kumudumal-hettiarachchi
SPRINGVALE,VIC,3171,Jamil Chowdhury,https://findabroker.mfaa.com.au/broker/jamil-chowdhury
SPRINGVALE,VIC,3171,Cameron McDonnell,https://findabroker.mfaa.com.au/broker/cameron-mcdonnell
SPRINGVALE,VIC,3171,Dayananda Liyanaarachchige,https://findabroker.mfaa.com.au/broker/dayananda-liyanaarachchige
SPRINGVALE,VIC,3171,Deepak Dhir,https://findabroker.mfaa.com.au/broker/deepak-dhir
SPRINGVALE,VIC,3171,Andrew Low,https://findabroker.mfaa.com.au/broker/kuen-thai-low
SPRINGVALE,VIC,3171,Andrew Lyon,https://findabroker.mfaa.com.au/broker/andrew-lyon
SPRINGVALE,VIC,3171,Vlad Makutonin,https://findabroker.mfaa.com.au/broker/vladimir-makutonin
SPRINGVALE,VIC,3171,Luke Cieslak,https://findabroker.mfaa.com.au/broker/luke-cieslak
SPRINGVALE,VIC,3171,Anthony Schock,https://findabroker.mfaa.com.au/broker/mark-schock
SPRINGVALE,VIC,3171,Patrina Chia,https://findabroker.mfaa.com.au/broker/patrina-chia
SPRINGVALE,VIC,3171,Aloysius De Almeida,https://findabroker.mfaa.com.au/broker/aloysius-de-almeida
SPRINGVALE,VIC,3171,Alex Shumsky,https://findabroker.mfaa.com.au/broker/alex-shumsky
SPRINGVALE,VIC,3171,Jasbir Rattan,https://findabroker.mfaa.com.au/broker/jasbir-rattan
SPRINGVALE,VIC,3171,Marina Meldrum,https://findabroker.mfaa.com.au/broker/marina-meldrum
SPRINGVALE,VIC,3171,Kartik Mathur,https://findabroker.mfaa.com.au/broker/kartik-mathur
SPRINGVALE,VIC,3171,Michael Hughson,https://findabroker.mfaa.com.au/broker/michael-hughson
SPRINGVALE,VIC,3171,Alex Cooch,https://findabroker.mfaa.com.au/broker/alex-cooch
SPRINGVALE,VIC,3171,Varun Varun,https://findabroker.mfaa.com.au/broker/varun
SPRINGVALE,VIC,3171,Richard Jiang,https://findabroker.mfaa.com.au/broker/shendian-jiang
SPRINGVALE,VIC,3171,Richard Wu,https://findabroker.mfaa.com.au/broker/richard-wu
SPRINGVALE,VIC,3171,Kerri Kronberg,https://findabroker.mfaa.com.au/broker/kerri-kronberg
SPRINGVALE,VIC,3171,Michael Lin,https://findabroker.mfaa.com.au/broker/maoqun-lin
SPRINGVALE,VIC,3171,Philippa Caarels,https://findabroker.mfaa.com.au/broker/philippa-caarels
SPRINGVALE,VIC,3171,Arjuna Gunawardena,https://findabroker.mfaa.com.au/broker/arjuna-gunawardena
SPRINGVALE,VIC,3171,Steven Wang,https://findabroker.mfaa.com.au/broker/liang-wang
SPRINGVALE,VIC,3171,Frank Subasi,https://findabroker.mfaa.com.au/broker/fatih-subasi
SPRINGVALE,VIC,3171,Erina Cunningham,https://findabroker.mfaa.com.au/broker/erina-cunningham
SPRINGVALE,VIC,3171,Sanjay Sanghvi,https://findabroker.mfaa.com.au/broker/sanjay-sanghvi
SPRINGVALE,VIC,3171,Paul Loupetis,https://findabroker.mfaa.com.au/broker/apostolos-paul-loupetis
SPRINGVALE,VIC,3171,Marty Stone,https://findabroker.mfaa.com.au/broker/martin-stone
SPRINGVALE,VIC,3171,Jacquie Pascoe,https://findabroker.mfaa.com.au/broker/jacquie-pascoe
SPRINGVALE,VIC,3171,Sean Breen,https://findabroker.mfaa.com.au/broker/sean-breen
SPRINGVALE,VIC,3171,Stella Li,https://findabroker.mfaa.com.au/broker/le-li
SPRINGVALE,VIC,3171,Dimi Panagopuolos,https://findabroker.mfaa.com.au/broker/dimitra-panagopuolos
SPRINGVALE,VIC,3171,Evan Davis,https://findabroker.mfaa.com.au/broker/evan-davis
SPRINGVALE,VIC,3171,Jinu Jose,https://findabroker.mfaa.com.au/broker/jinu-jose
SPRINGVALE,VIC,3171,Kanchana Senarathna,https://findabroker.mfaa.com.au/broker/kanchana-senarathna
SPRINGVALE,VIC,3171,Nitya Shivraj,https://findabroker.mfaa.com.au/broker/nitya-shivraj
SPRINGVALE,VIC,3171,Tan Ratnayeke,https://findabroker.mfaa.com.au/broker/tannishka-ratnayeke
SPRINGVALE,VIC,3171,Adrian Banducci,https://findabroker.mfaa.com.au/broker/adrian-banducci
SPRINGVALE,VIC,3171,Karan Bedi,https://findabroker.mfaa.com.au/broker/karan-bedi
SPRINGVALE,VIC,3171,Preeti Vaish,https://findabroker.mfaa.com.au/broker/preeti-vaish
SPRINGVALE,VIC,3171,Daniel Huy,https://findabroker.mfaa.com.au/broker/daniel-huy
SPRINGVALE,VIC,3171,Clayton Collins,https://findabroker.mfaa.com.au/broker/clayton-collins
SPRINGVALE,VIC,3171,Alison Qin,https://findabroker.mfaa.com.au/broker/manshu-qin
SPRINGVALE,VIC,3171,Lumbini Wekunagoda,https://findabroker.mfaa.com.au/broker/lumbini-wekunagoda
SPRINGVALE,VIC,3171,Bhupinder Singh,https://findabroker.mfaa.com.au/broker/bhupinder-singh
SPRINGVALE,VIC,3171,Mark Attard,https://findabroker.mfaa.com.au/broker/mark-attard-2
SPRINGVALE,VIC,3171,Chris Collard,https://findabroker.mfaa.com.au/broker/christopher-collard
SPRINGVALE,VIC,3171,Anna Paul,https://findabroker.mfaa.com.au/broker/annamaria-paul
SPRINGVALE,VIC,3171,Alex Papacostas,https://findabroker.mfaa.com.au/broker/alexander-papacostas
SPRINGVALE,VIC,3171,Jacob Duscher,https://findabroker.mfaa.com.au/broker/jacob-duscher
SPRINGVALE,VIC,3171,Chiraag Chouhan,https://findabroker.mfaa.com.au/broker/chiraag-kirun-chouhan
SPRINGVALE,VIC,3171,Fe Martin,https://findabroker.mfaa.com.au/broker/fe-martin
SPRINGVALE,VIC,3171,Edin Hadziefendic,https://findabroker.mfaa.com.au/broker/edin-hadziefendic
SPRINGVALE,VIC,3171,Diana Hodzic,https://findabroker.mfaa.com.au/broker/diana-hodzic
SPRINGVALE,VIC,3171,Mark Vosti,https://findabroker.mfaa.com.au/broker/mark-vosti
SPRINGVALE,VIC,3171,Tasmin Mustopo Ifah,https://findabroker.mfaa.com.au/broker/tasmin-mustopo-ifah
SPRINGVALE,VIC,3171,Andyputra Tjandra Wisata,https://findabroker.mfaa.com.au/broker/andyputra-tjandra-wisata
SPRINGVALE,VIC,3171,Harun Gurbuz,https://findabroker.mfaa.com.au/broker/harun-gurbuz
SPRINGVALE,VIC,3171,Daniel Volker,https://findabroker.mfaa.com.au/broker/daniel-volker
SPRINGVALE,VIC,3171,Graham Ostberg,https://findabroker.mfaa.com.au/broker/graham-ostberg
SPRINGVALE,VIC,3171,Matt Glenn,https://findabroker.mfaa.com.au/broker/matthew-glenn
SPRINGVALE,VIC,3171,Courtney Malyaris,https://findabroker.mfaa.com.au/broker/courtney-malyaris
SPRINGVALE,VIC,3171,Gabrielle Schubert,https://findabroker.mfaa.com.au/broker/gabrielle-schubert
SPRINGVALE,VIC,3171,Carly Grigg,https://findabroker.mfaa.com.au/broker/carly-grigg
SPRINGVALE,VIC,3171,Ian Marriott,https://findabroker.mfaa.com.au/broker/ian-marriott
SPRINGVALE,VIC,3171,Amy Pan,https://findabroker.mfaa.com.au/broker/jiening-pan
SPRINGVALE,VIC,3171,Harj Singh,https://findabroker.mfaa.com.au/broker/harjot-singh
SPRINGVALE,VIC,3171,Bevan East,https://findabroker.mfaa.com.au/broker/bevan-east
SPRINGVALE,VIC,3171,Horton Van Dort,https://findabroker.mfaa.com.au/broker/horton-van-dort
SPRINGVALE,VIC,3171,Giancarlo Loiacono,https://findabroker.mfaa.com.au/broker/giancarlo-loiacono
SPRINGVALE,VIC,3171,Mark Moccero,https://findabroker.mfaa.com.au/broker/mark-moccero
SPRINGVALE,VIC,3171,James Muhllechner,https://findabroker.mfaa.com.au/broker/james-muhllechner
SPRINGVALE,VIC,3171,Lachlan Haig,https://findabroker.mfaa.com.au/broker/lachlan-haig
SPRINGVALE,VIC,3171,Ashley Davidson,https://findabroker.mfaa.com.au/broker/ashley-davidson
SPRINGVALE,VIC,3171,Ashley Johns,https://findabroker.mfaa.com.au/broker/ashley-johns
SPRINGVALE,VIC,3171,Saad Bashir,https://findabroker.mfaa.com.au/broker/saad-bashir
SPRINGVALE,VIC,3171,Richard Tegoni,https://findabroker.mfaa.com.au/broker/richard-tegoni
SPRINGVALE,VIC,3171,Chris Fuentes,https://findabroker.mfaa.com.au/broker/christopher-fuentes
SPRINGVALE,VIC,3171,Josh Young,https://findabroker.mfaa.com.au/broker/joshua-young
SPRINGVALE,VIC,3171,Maggie Li,https://findabroker.mfaa.com.au/broker/huitengzi-li
SPRINGVALE,VIC,3171,Tarwinder Pal Singh Saini,https://findabroker.mfaa.com.au/broker/tarwinder-pal-singh-saini
SPRINGVALE,VIC,3171,Natalie Keriakous,https://findabroker.mfaa.com.au/broker/natalie-keriakous
SPRINGVALE,VIC,3171,Dean Burston,https://findabroker.mfaa.com.au/broker/dean-burston
SPRINGVALE,VIC,3171,Kayas Karimie,https://findabroker.mfaa.com.au/broker/kayas-karimie
SPRINGVALE,VIC,3171,Matt Carra,https://findabroker.mfaa.com.au/broker/matt-carra
SPRINGVALE,VIC,3171,Michael Chan,https://findabroker.mfaa.com.au/broker/michael-chan-2
SPRINGVALE,VIC,3171,Kaid Beattie,https://findabroker.mfaa.com.au/broker/kaid-beattie
SPRINGVALE,VIC,3171,Daniel Zhou,https://findabroker.mfaa.com.au/broker/chenyun-zhou
SPRINGVALE,VIC,3171,Liang Shan,https://findabroker.mfaa.com.au/broker/liang-shan
SPRINGVALE,VIC,3171,Benedict Guest-Marinis,https://findabroker.mfaa.com.au/broker/benedict-guest-marinis
SPRINGVALE,VIC,3171,Neetha Pai,https://findabroker.mfaa.com.au/broker/neetha-pai
SPRINGVALE,VIC,3171,Andrew Greig,https://findabroker.mfaa.com.au/broker/andrew-greig
SPRINGVALE,VIC,3171,Tony Jia,https://findabroker.mfaa.com.au/broker/quan-jia
SPRINGVALE,VIC,3171,Gary plotzza,https://findabroker.mfaa.com.au/broker/gary-plotzza
SPRINGVALE,VIC,3171,Alana Siebel,https://findabroker.mfaa.com.au/broker/alana-siebel
SPRINGVALE,VIC,3171,Kalin Chen,https://findabroker.mfaa.com.au/broker/kalin-chen
SPRINGVALE,VIC,3171,John Bownas,https://findabroker.mfaa.com.au/broker/john-bownas
SPRINGVALE,VIC,3171,Andrew White,https://findabroker.mfaa.com.au/broker/andrew-white
SPRINGVALE,VIC,3171,Chris Vlassis,https://findabroker.mfaa.com.au/broker/christopher-vlassis
SPRINGVALE,VIC,3171,Christopher Elliott,https://findabroker.mfaa.com.au/broker/christopher-elliott
SPRINGVALE,VIC,3171,Ilias Pangratis,https://findabroker.mfaa.com.au/broker/ilias-pangratis
SPRINGVALE,VIC,3171,Anton Suslov,https://findabroker.mfaa.com.au/broker/anton-suslov
SPRINGVALE,VIC,3171,Taranjit Singh,https://findabroker.mfaa.com.au/broker/taranjit-singh
SPRINGVALE,VIC,3171,Nicole Tan,https://findabroker.mfaa.com.au/broker/nicole-tan
SPRINGVALE,VIC,3171,Aaron Richards,https://findabroker.mfaa.com.au/broker/aaron-richards
SPRINGVALE,VIC,3171,Jonathan Gan,https://findabroker.mfaa.com.au/broker/jonathan-gan
SPRINGVALE,VIC,3171,Larry Zhou,https://findabroker.mfaa.com.au/broker/lei-zhou-2
SPRINGVALE,VIC,3171,Jason Joo,https://findabroker.mfaa.com.au/broker/jung-joo
SPRINGVALE,VIC,3171,John Pham,https://findabroker.mfaa.com.au/broker/john-pham
SPRINGVALE,VIC,3171,Stuart Styles,https://findabroker.mfaa.com.au/broker/stuart-styles
SPRINGVALE,VIC,3171,Mirella Cavallaro,https://findabroker.mfaa.com.au/broker/mirella-cavallaro
SPRINGVALE,VIC,3171,Lou Costabile,https://findabroker.mfaa.com.au/broker/luigi-costabile
SPRINGVALE,VIC,3171,Allan Willoughby,https://findabroker.mfaa.com.au/broker/allan-willoughby
SPRINGVALE,VIC,3171,Maria Nebotakis,https://findabroker.mfaa.com.au/broker/maria-nebotakis
SPRINGVALE,VIC,3171,Krissy Huxley,https://findabroker.mfaa.com.au/broker/kristen-huxley
SPRINGVALE,VIC,3171,Brock Lynch,https://findabroker.mfaa.com.au/broker/brock-lynch
SPRINGVALE,VIC,3171,David Petrevski,https://findabroker.mfaa.com.au/broker/david-petrevski
SPRINGVALE,VIC,3171,Michael Holmes,https://findabroker.mfaa.com.au/broker/michael-holmes
SPRINGVALE,VIC,3171,Lachlan Baker,https://findabroker.mfaa.com.au/broker/lachlan-baker
SPRINGVALE,VIC,3171,David Neef,https://findabroker.mfaa.com.au/broker/david-neef
SPRINGVALE,VIC,3171,Billie Topaloska,https://findabroker.mfaa.com.au/broker/biljana-topaloska
SPRINGVALE,VIC,3171,Dom Amato,https://findabroker.mfaa.com.au/broker/domenico-amato
SPRINGVALE,VIC,3171,Harrison Sellars,https://findabroker.mfaa.com.au/broker/harrison-sellars
SPRINGVALE,VIC,3171,Ann Elkins,https://findabroker.mfaa.com.au/broker/ann-elkins
SPRINGVALE,VIC,3171,Tony Elkins,https://findabroker.mfaa.com.au/broker/anthony-elkins
SPRINGVALE,VIC,3171,Alan Poole,https://findabroker.mfaa.com.au/broker/alan-poole
SPRINGVALE,VIC,3171,Giles Silva,https://findabroker.mfaa.com.au/broker/giles-priyantha-silva
SPRINGVALE,VIC,3171,Evan Phaedonos,https://findabroker.mfaa.com.au/broker/evan-phaedonos
SPRINGVALE,VIC,3171,Menghong Liu,https://findabroker.mfaa.com.au/broker/menghong-liu
SPRINGVALE,VIC,3171,Luke Taylor,https://findabroker.mfaa.com.au/broker/luke-taylor
SPRINGVALE,VIC,3171,Kelvin Lee,https://findabroker.mfaa.com.au/broker/kelvin-lee
SPRINGVALE,VIC,3171,Lee Mundy,https://findabroker.mfaa.com.au/broker/lee-mundy
SPRINGVALE,VIC,3171,Arshad Ali,https://findabroker.mfaa.com.au/broker/arshad-ali
SPRINGVALE,VIC,3171,Greg Skien,https://findabroker.mfaa.com.au/broker/greg-skien
SPRINGVALE,VIC,3171,Jessica Tang,https://findabroker.mfaa.com.au/broker/jessica-tang
APPLE TREE FLAT,NSW,2850,Ian Simpson,https://findabroker.mfaa.com.au/broker/ian-simpson
APPLE TREE FLAT,NSW,2850,Karen Doust,https://findabroker.mfaa.com.au/broker/karen-doust
APPLE TREE FLAT,NSW,2850,Liam Caldwell,https://findabroker.mfaa.com.au/broker/liam-caldwell
APPLE TREE FLAT,NSW,2850,Richard Bell,https://findabroker.mfaa.com.au/broker/richard-bell
APPLE TREE FLAT,NSW,2850,Alan Verkerk,https://findabroker.mfaa.com.au/broker/alan-verkerk
APPLE TREE FLAT,NSW,2850,Joseph Previti,https://findabroker.mfaa.com.au/broker/joseph-previti
APPLE TREE FLAT,NSW,2850,Jatin Marwaha,https://findabroker.mfaa.com.au/broker/jatin-marwaha
APPLE TREE FLAT,NSW,2850,George Grewal,https://findabroker.mfaa.com.au/broker/george-grewal
APPLE TREE FLAT,NSW,2850,Daniel Platypodis,https://findabroker.mfaa.com.au/broker/dionisios-platypodis
APPLE TREE FLAT,NSW,2850,Nathan Bennett,https://findabroker.mfaa.com.au/broker/nathan-bennett
APPLE TREE FLAT,NSW,2850,Elias Rozanitis,https://findabroker.mfaa.com.au/broker/elias-rozanitis
APPLE TREE FLAT,NSW,2850,Alen Slewa,https://findabroker.mfaa.com.au/broker/alen-slewa
APPLE TREE FLAT,NSW,2850,Harry Inns,https://findabroker.mfaa.com.au/broker/harry-inns
APPLE TREE FLAT,NSW,2850,Gail Rodrequez,https://findabroker.mfaa.com.au/broker/gail-rodrequez
APPLE TREE FLAT,NSW,2850,Christiaan Jarvis,https://findabroker.mfaa.com.au/broker/christiaan-jarvis
APPLE TREE FLAT,NSW,2850,Daniel Winston,https://findabroker.mfaa.com.au/broker/daniel-winston
APPLE TREE FLAT,NSW,2850,Kobi Boaron,https://findabroker.mfaa.com.au/broker/kobi-boaron
APPLE TREE FLAT,NSW,2850,Emmanuel De Guzman,https://findabroker.mfaa.com.au/broker/emmanuel-de-guzman
APPLE TREE FLAT,NSW,2850,Mark Sherwood,https://findabroker.mfaa.com.au/broker/mark-sherwood
APPLE TREE FLAT,NSW,2850,Joseph Allery,https://findabroker.mfaa.com.au/broker/joseph-allery
APPLE TREE FLAT,NSW,2850,Dinula Ranasinghe Arachchige,https://findabroker.mfaa.com.au/broker/dinula-ranasinghe-arachchige
APPLE TREE FLAT,NSW,2850,Brendan Turnbull,https://findabroker.mfaa.com.au/broker/brendan-turnbull
APPLE TREE FLAT,NSW,2850,Giovanni Tarascio,https://findabroker.mfaa.com.au/broker/giovanni-aka-john-tarascio
APPLE TREE FLAT,NSW,2850,Lee Huynh,https://findabroker.mfaa.com.au/broker/le-huynh
APPLE TREE FLAT,NSW,2850,Jarrod Read,https://findabroker.mfaa.com.au/broker/jarrod-read
APPLE TREE FLAT,NSW,2850,Clyde Neilson,https://findabroker.mfaa.com.au/broker/clyde-neilson
APPLE TREE FLAT,NSW,2850,Manisha Kardas,https://findabroker.mfaa.com.au/broker/manisha-kardas
APPLE TREE FLAT,NSW,2850,Nick Clunes,https://findabroker.mfaa.com.au/broker/nicholas-clunes
APPLE TREE FLAT,NSW,2850,Justy Jensen,https://findabroker.mfaa.com.au/broker/justy-jensen
APPLE TREE FLAT,NSW,2850,Anil Dadlani,https://findabroker.mfaa.com.au/broker/anil-dadlani
APPLE TREE FLAT,NSW,2850,Lawrence Game,https://findabroker.mfaa.com.au/broker/lawrence-game
APPLE TREE FLAT,NSW,2850,Laura Della,https://findabroker.mfaa.com.au/broker/laura-della
APPLE TREE FLAT,NSW,2850,David Newham,https://findabroker.mfaa.com.au/broker/david-newham
APPLE TREE FLAT,NSW,2850,Matt Jukes,https://findabroker.mfaa.com.au/broker/matthew-jukes
APPLE TREE FLAT,NSW,2850,Anthony Deane,https://findabroker.mfaa.com.au/broker/anthony-deane
APPLE TREE FLAT,NSW,2850,Darren Dean,https://findabroker.mfaa.com.au/broker/darren-dean
APPLE TREE FLAT,NSW,2850,Rohitendra Pathik,https://findabroker.mfaa.com.au/broker/rohitendra-pathik
APPLE TREE FLAT,NSW,2850,Amy Ferguson,https://findabroker.mfaa.com.au/broker/amy-ferguson
APPLE TREE FLAT,NSW,2850,Tom Felton,https://findabroker.mfaa.com.au/broker/tom-felton
APPLE TREE FLAT,NSW,2850,James Xu,https://findabroker.mfaa.com.au/broker/jia-xu
APPLE TREE FLAT,NSW,2850,Kim Ho,https://findabroker.mfaa.com.au/broker/kim-ngan-ho
APPLE TREE FLAT,NSW,2850,Mina Gindi,https://findabroker.mfaa.com.au/broker/mina-gindi
APPLE TREE FLAT,NSW,2850,Corey Bugeja,https://findabroker.mfaa.com.au/broker/corey-bugeja
APPLE TREE FLAT,NSW,2850,Matthew Egan,https://findabroker.mfaa.com.au/broker/matthew-egan
APPLE TREE FLAT,NSW,2850,Chris Borg,https://findabroker.mfaa.com.au/broker/christopher-borg
APPLE TREE FLAT,NSW,2850,Chloe Burrell,https://findabroker.mfaa.com.au/broker/chloe-burrell
APPLE TREE FLAT,NSW,2850,David Hayward,https://findabroker.mfaa.com.au/broker/david-hayward
APPLE TREE FLAT,NSW,2850,Ivan Sango,https://findabroker.mfaa.com.au/broker/ivica-sango
APPLE TREE FLAT,NSW,2850,Jake Biddle,https://findabroker.mfaa.com.au/broker/jake-biddle
APPLE TREE FLAT,NSW,2850,Bruno Strazdins,https://findabroker.mfaa.com.au/broker/bruno-strazdins
APPLE TREE FLAT,NSW,2850,Anna Truong,https://findabroker.mfaa.com.au/broker/huynh-kim-ngan-truong
APPLE TREE FLAT,NSW,2850,Holly Balch,https://findabroker.mfaa.com.au/broker/holly-balch
APPLE TREE FLAT,NSW,2850,Kirra Walker,https://findabroker.mfaa.com.au/broker/kirra-walker
APPLE TREE FLAT,NSW,2850,Adrian Smith,https://findabroker.mfaa.com.au/broker/adrian-smith
APPLE TREE FLAT,NSW,2850,Alexia Pettenon,https://findabroker.mfaa.com.au/broker/alexia-pettenon
APPLE TREE FLAT,NSW,2850,Duane Gera,https://findabroker.mfaa.com.au/broker/duane-gera
APPLE TREE FLAT,NSW,2850,Kate Kearney,https://findabroker.mfaa.com.au/broker/katherine-kearney
APPLE TREE FLAT,NSW,2850,Ian Archer,https://findabroker.mfaa.com.au/broker/ian-archer
APPLE TREE FLAT,NSW,2850,HASITHA Ekanayake,https://findabroker.mfaa.com.au/broker/ekanayake-ekanayake
APPLE TREE FLAT,NSW,2850,Andrea Lord,https://findabroker.mfaa.com.au/broker/andrea-lord
APPLE TREE FLAT,NSW,2850,Candy Warner,https://findabroker.mfaa.com.au/broker/candy-warner
APPLE TREE FLAT,NSW,2850,Dino Ialeggio,https://findabroker.mfaa.com.au/broker/diodoro-dino-ialeggio
APPLE TREE FLAT,NSW,2850,Kerry Dramountanis,https://findabroker.mfaa.com.au/broker/kyriakos-dramountanis
APPLE TREE FLAT,NSW,2850,Miki Ellis,https://findabroker.mfaa.com.au/broker/mikhalyn-ellis
APPLE TREE FLAT,NSW,2850,Logan Ross,https://findabroker.mfaa.com.au/broker/logan-ross
APPLE TREE FLAT,NSW,2850,Craig Troman,https://findabroker.mfaa.com.au/broker/craig-troman
APPLE TREE FLAT,NSW,2850,Heath Pilton,https://findabroker.mfaa.com.au/broker/heath-pilton
APPLE TREE FLAT,NSW,2850,Andrew Tonkin,https://findabroker.mfaa.com.au/broker/andrew-tonkin
APPLE TREE FLAT,NSW,2850,Aaron Hooper,https://findabroker.mfaa.com.au/broker/aaron-hooper
APPLE TREE FLAT,NSW,2850,Dheeraj Sharma,https://findabroker.mfaa.com.au/broker/dheeraj-sharma
APPLE TREE FLAT,NSW,2850,Jack Lever,https://findabroker.mfaa.com.au/broker/jackson-lever
APPLE TREE FLAT,NSW,2850,Harry Sandhu,https://findabroker.mfaa.com.au/broker/harpreet-singh-sandhu
APPLE TREE FLAT,NSW,2850,Con Voultsios,https://findabroker.mfaa.com.au/broker/constantinos-voultsios
APPLE TREE FLAT,NSW,2850,John Encina,https://findabroker.mfaa.com.au/broker/john-juan-encina
APPLE TREE FLAT,NSW,2850,Liz Carson,https://findabroker.mfaa.com.au/broker/elizabeth-carson
APPLE TREE FLAT,NSW,2850,jovana Bogatic,https://findabroker.mfaa.com.au/broker/jovana-bogatic
APPLE TREE FLAT,NSW,2850,Megan Tanner,https://findabroker.mfaa.com.au/broker/megan-tanner
APPLE TREE FLAT,NSW,2850,Dion Fernandes,https://findabroker.mfaa.com.au/broker/dion-fernandes
APPLE TREE FLAT,NSW,2850,Justin Long,https://findabroker.mfaa.com.au/broker/justin-long
APPLE TREE FLAT,NSW,2850,Mark O'Brien,https://findabroker.mfaa.com.au/broker/mark-obrien
APPLE TREE FLAT,NSW,2850,Craig Micallef,https://findabroker.mfaa.com.au/broker/craig-micallef
APPLE TREE FLAT,NSW,2850,Brad Querzoli,https://findabroker.mfaa.com.au/broker/bradley-querzoli
APPLE TREE FLAT,NSW,2850,Jane Vaughan,https://findabroker.mfaa.com.au/broker/jane-vaughan-2
APPLE TREE FLAT,NSW,2850,Gavin Cacic,https://findabroker.mfaa.com.au/broker/gavin-cacic
APPLE TREE FLAT,NSW,2850,Suzie Ott,https://findabroker.mfaa.com.au/broker/suzanne-ott
APPLE TREE FLAT,NSW,2850,Ryan Taibel,https://findabroker.mfaa.com.au/broker/ryan-taibel
APPLE TREE FLAT,NSW,2850,Kerrie Morris,https://findabroker.mfaa.com.au/broker/kerrie-morris
APPLE TREE FLAT,NSW,2850,Alex Fyfe,https://findabroker.mfaa.com.au/broker/alex-fyfe
APPLE TREE FLAT,NSW,2850,Lenke Konya,https://findabroker.mfaa.com.au/broker/lenke-konya
APPLE TREE FLAT,NSW,2850,Terry Ning,https://findabroker.mfaa.com.au/broker/chen-ning
APPLE TREE FLAT,NSW,2850,Jonathan Linco,https://findabroker.mfaa.com.au/broker/jonathan-linco
APPLE TREE FLAT,NSW,2850,Julia Hebb,https://findabroker.mfaa.com.au/broker/julia-hebb
APPLE TREE FLAT,NSW,2850,Michelle Luu,https://findabroker.mfaa.com.au/broker/michelle-luu
APPLE TREE FLAT,NSW,2850,Ian Bourne,https://findabroker.mfaa.com.au/broker/ian-bourne
APPLE TREE FLAT,NSW,2850,Ian Boughey,https://findabroker.mfaa.com.au/broker/ian-boughey
APPLE TREE FLAT,NSW,2850,Kimberly Narayan,https://findabroker.mfaa.com.au/broker/kimberly-narayan
APPLE TREE FLAT,NSW,2850,Asif Hussein,https://findabroker.mfaa.com.au/broker/asif-hussein
APPLE TREE FLAT,NSW,2850,Lisa Chadwick,https://findabroker.mfaa.com.au/broker/lisa-chadwick
APPLE TREE FLAT,NSW,2850,Chloe Paterson,https://findabroker.mfaa.com.au/broker/chloe-paterson
APPLE TREE FLAT,NSW,2850,Jonathan Mosslar,https://findabroker.mfaa.com.au/broker/jonathan-mosslar
APPLE TREE FLAT,NSW,2850,Fenil Patel,https://findabroker.mfaa.com.au/broker/fenil-patel
APPLE TREE FLAT,NSW,2850,Luke Rowland,https://findabroker.mfaa.com.au/broker/luke-rowland
APPLE TREE FLAT,NSW,2850,Kevin Yao,https://findabroker.mfaa.com.au/broker/wenkui-yao
APPLE TREE FLAT,NSW,2850,Malcolm Robertson,https://findabroker.mfaa.com.au/broker/malcolm-robertson
APPLE TREE FLAT,NSW,2850,Adrian Ford,https://findabroker.mfaa.com.au/broker/adrian-ford
APPLE TREE FLAT,NSW,2850,Khiet Tran,https://findabroker.mfaa.com.au/broker/khiet-tran
APPLE TREE FLAT,NSW,2850,Byryn (Byron) Bruce,https://findabroker.mfaa.com.au/broker/byryn-bruce
APPLE TREE FLAT,NSW,2850,Maree Yates,https://findabroker.mfaa.com.au/broker/christina-yates
APPLE TREE FLAT,NSW,2850,Andrew Nowacki,https://findabroker.mfaa.com.au/broker/andrew-nowacki
APPLE TREE FLAT,NSW,2850,Bradley Nicholas,https://findabroker.mfaa.com.au/broker/bradley-nicholas
APPLE TREE FLAT,NSW,2850,Ray Jiang,https://findabroker.mfaa.com.au/broker/chen-jiang
APPLE TREE FLAT,NSW,2850,Adrian Ressas,https://findabroker.mfaa.com.au/broker/adrian-ressas
APPLE TREE FLAT,NSW,2850,Sudeep Das,https://findabroker.mfaa.com.au/broker/sudeep-das
APPLE TREE FLAT,NSW,2850,Egen Pardenilla,https://findabroker.mfaa.com.au/broker/nuelgen-pardenilla
APPLE TREE FLAT,NSW,2850,Mav Virdee Virdee,https://findabroker.mfaa.com.au/broker/manpreet-virdee
APPLE TREE FLAT,NSW,2850,Michaela Shaw,https://findabroker.mfaa.com.au/broker/michaela-shaw
APPLE TREE FLAT,NSW,2850,Alistair MacIntosh,https://findabroker.mfaa.com.au/broker/alistair-macintosh
APPLE TREE FLAT,NSW,2850,Nathan Crookes,https://findabroker.mfaa.com.au/broker/nathan-crookes
APPLE TREE FLAT,NSW,2850,Kief Bridges,https://findabroker.mfaa.com.au/broker/keith-bridges
APPLE TREE FLAT,NSW,2850,Tony Lam Lam,https://findabroker.mfaa.com.au/broker/kit-antony-lam
APPLE TREE FLAT,NSW,2850,Bill Ling,https://findabroker.mfaa.com.au/broker/bill-ling-2
APPLE TREE FLAT,NSW,2850,Nick Roche,https://findabroker.mfaa.com.au/broker/nicholas-roche
ABBOTSBURY,NSW,2176,Ben-Hur Yohana,https://findabroker.mfaa.com.au/broker/ben-hur-yohana
ABBOTSBURY,NSW,2176,Zoe Thai,https://findabroker.mfaa.com.au/broker/thu-thai
ABBOTSBURY,NSW,2176,Alex Boonruangtarvorn,https://findabroker.mfaa.com.au/broker/alex-boonruangtarvorn
ABBOTSBURY,NSW,2176,Zarko Rnjak,https://findabroker.mfaa.com.au/broker/zarko-rnjak
ABBOTSBURY,NSW,2176,Bader Krayem,https://findabroker.mfaa.com.au/broker/bader-krayem
ABBOTSBURY,NSW,2176,Ivan Tourneur,https://findabroker.mfaa.com.au/broker/ivan-tourneur
ABBOTSBURY,NSW,2176,Peter Nguyen,https://findabroker.mfaa.com.au/broker/hoang-peter-nguyen
ABBOTSBURY,NSW,2176,Danny Nguyen,https://findabroker.mfaa.com.au/broker/hoang-trong-hung-nguyen
ABBOTSBURY,NSW,2176,Jeff Sun,https://findabroker.mfaa.com.au/broker/jeffrey-sun
ABBOTSBURY,NSW,2176,Bosco Chang,https://findabroker.mfaa.com.au/broker/chin-chang
ABBOTSBURY,NSW,2176,Sunny Hothi,https://findabroker.mfaa.com.au/broker/santa-hothi
ABBOTSBURY,NSW,2176,Alexander Coundouris,https://findabroker.mfaa.com.au/broker/alexander-coundouris
ABBOTSBURY,NSW,2176,Chris Lloyd,https://findabroker.mfaa.com.au/broker/christopher-lloyd
ABBOTSBURY,NSW,2176,Priyanka Shaw,https://findabroker.mfaa.com.au/broker/priyanka-shaw
ABBOTSBURY,NSW,2176,Carmen O'Shea,https://findabroker.mfaa.com.au/broker/carmen-oshea
ABBOTSBURY,NSW,2176,Kim Pham,https://findabroker.mfaa.com.au/broker/kim-pham
ABBOTSBURY,NSW,2176,Kim Dao,https://findabroker.mfaa.com.au/broker/kim-dao
ABBOTSBURY,NSW,2176,Yianni Fragogiannis,https://findabroker.mfaa.com.au/broker/john-fragogiannis
ABBOTSBURY,NSW,2176,Danny Nahlous,https://findabroker.mfaa.com.au/broker/danny-nahlous
ABBOTSBURY,NSW,2176,Asib Iqbal,https://findabroker.mfaa.com.au/broker/asib-iqbal
ABBOTSBURY,NSW,2176,Tony Khall Khall,https://findabroker.mfaa.com.au/broker/tony-khall
ABBOTSBURY,NSW,2176,Bill Wardan,https://findabroker.mfaa.com.au/broker/bill-wardan
ABBOTSBURY,NSW,2176,Audi Rachman,https://findabroker.mfaa.com.au/broker/audi-rachman
ABBOTSBURY,NSW,2176,Ben Gebran,https://findabroker.mfaa.com.au/broker/benjamin-gebran
ABBOTSBURY,NSW,2176,Ece Dogan,https://findabroker.mfaa.com.au/broker/ece-dogan
ABBOTSBURY,NSW,2176,Brian Seymour,https://findabroker.mfaa.com.au/broker/brian-seymour
ABBOTSBURY,NSW,2176,Anthony Nguyen,https://findabroker.mfaa.com.au/broker/anthony-nguyen
ABBOTSBURY,NSW,2176,Evelyn Burton,https://findabroker.mfaa.com.au/broker/evelyn-burton
ABBOTSBURY,NSW,2176,John Tindall,https://findabroker.mfaa.com.au/broker/john-tindall
ABBOTSBURY,NSW,2176,Con De Filippis,https://findabroker.mfaa.com.au/broker/con-de-filippis
ABBOTSBURY,NSW,2176,Elijah Kumar,https://findabroker.mfaa.com.au/broker/elijah-kumar
ABBOTSBURY,NSW,2176,John Samaan,https://findabroker.mfaa.com.au/broker/john-samaan
ABBOTSBURY,NSW,2176,Iskra Razmovski,https://findabroker.mfaa.com.au/broker/iskra-razmovski
ABBOTSBURY,NSW,2176,Div Kaur,https://findabroker.mfaa.com.au/broker/divneet-kaur
ABBOTSBURY,NSW,2176,Anu Sunny,https://findabroker.mfaa.com.au/broker/anu-sunny
ABBOTSBURY,NSW,2176,Delcy Pandya,https://findabroker.mfaa.com.au/broker/delcy-pandya
ABBOTSBURY,NSW,2176,Fay Baker,https://findabroker.mfaa.com.au/broker/fay-baker
ABBOTSBURY,NSW,2176,Mabud Mondol,https://findabroker.mfaa.com.au/broker/md-golam-mabud-mondol
ABBOTSBURY,NSW,2176,Niaz Bhuiyan,https://findabroker.mfaa.com.au/broker/niaz-bhuiyan
ABBOTSBURY,NSW,2176,Dharshani Amararatne,https://findabroker.mfaa.com.au/broker/dharshani-amararatne
ABBOTSBURY,NSW,2176,Andrew Le,https://findabroker.mfaa.com.au/broker/quoc-anh-le
ABBOTSBURY,NSW,2176,Bhavin Patel,https://findabroker.mfaa.com.au/broker/bhavinkumar-patel
ABBOTSBURY,NSW,2176,Amit Kohli,https://findabroker.mfaa.com.au/broker/amit-kohli
ABBOTSBURY,NSW,2176,Amrit Mahara,https://findabroker.mfaa.com.au/broker/amrit-mahara
ABBOTSBURY,NSW,2176,Anton Mantoufeh,https://findabroker.mfaa.com.au/broker/anton-mantoufeh
ABBOTSBURY,NSW,2176,Albert Saade,https://findabroker.mfaa.com.au/broker/albert-saade
ABBOTSBURY,NSW,2176,Rebecca Morgan,https://findabroker.mfaa.com.au/broker/rebecca-morgan
ABBOTSBURY,NSW,2176,Jay Feng,https://findabroker.mfaa.com.au/broker/jie-feng
ABBOTSBURY,NSW,2176,Jin Yu,https://findabroker.mfaa.com.au/broker/jin-feng-yu
ABBOTSBURY,NSW,2176,Daniel Vizza,https://findabroker.mfaa.com.au/broker/daniel-vizza
ABBOTSBURY,NSW,2176,Yash Puri,https://findabroker.mfaa.com.au/broker/yashpal-puri
ABBOTSBURY,NSW,2176,Jaslyn Evio,https://findabroker.mfaa.com.au/broker/jaslyn-evio
ABBOTSBURY,NSW,2176,Sunil Maskey,https://findabroker.mfaa.com.au/broker/sunil-maskey
ABBOTSBURY,NSW,2176,David Freeman,https://findabroker.mfaa.com.au/broker/david-freeman
ABBOTSBURY,NSW,2176,Keira Townsend,https://findabroker.mfaa.com.au/broker/keira-townsend
ABBOTSBURY,NSW,2176,Donna Wasef,https://findabroker.mfaa.com.au/broker/donna-wasef
ABBOTSBURY,NSW,2176,Albert Lee,https://findabroker.mfaa.com.au/broker/chi-ho-lee
ABBOTSBURY,NSW,2176,Zenia Khaira,https://findabroker.mfaa.com.au/broker/sukhmani-khaira
ABBOTSBURY,NSW,2176,George Karam,https://findabroker.mfaa.com.au/broker/george-karam
ABBOTSBURY,NSW,2176,Christian Grima,https://findabroker.mfaa.com.au/broker/christian-grima
ABBOTSBURY,NSW,2176,Devang Gandhi,https://findabroker.mfaa.com.au/broker/devang-gandhi
ABBOTSBURY,NSW,2176,John Elazar,https://findabroker.mfaa.com.au/broker/john-elazar
ABBOTSBURY,NSW,2176,Alex McMahon,https://findabroker.mfaa.com.au/broker/alexander-mcmahon
ABBOTSBURY,NSW,2176,Eva Asi,https://findabroker.mfaa.com.au/broker/eva-asi
ABBOTSBURY,NSW,2176,Demal George,https://findabroker.mfaa.com.au/broker/demal-george
ABBOTSBURY,NSW,2176,Ken Hew,https://findabroker.mfaa.com.au/broker/ken-hew
ABBOTSBURY,NSW,2176,Manvir Padda,https://findabroker.mfaa.com.au/broker/manvir-singh-padda
ABBOTSBURY,NSW,2176,Jeffery Peter,https://findabroker.mfaa.com.au/broker/jeffery-peter
ABBOTSBURY,NSW,2176,Sanath Kumar Reddy Konduru,https://findabroker.mfaa.com.au/broker/sanath-kumar-reddy-konduru
ABBOTSBURY,NSW,2176,Sandeep Jagtap,https://findabroker.mfaa.com.au/broker/sandeep-jagtap
ABBOTSBURY,NSW,2176,Steven Csikos,https://findabroker.mfaa.com.au/broker/steven-csikos
ABBOTSBURY,NSW,2176,Ramneek Singh,https://findabroker.mfaa.com.au/broker/ramneek-singh
ABBOTSBURY,NSW,2176,Roland Su,https://findabroker.mfaa.com.au/broker/ruilin-su
ABBOTSBURY,NSW,2176,Hiteshkumar Parekh Parekh,https://findabroker.mfaa.com.au/broker/hiteshkumar-parekh
ABBOTSBURY,NSW,2176,Narelle Fitzsimmons,https://findabroker.mfaa.com.au/broker/narelle-fitzsimmons
ABBOTSBURY,NSW,2176,Jasjeet Makkar,https://findabroker.mfaa.com.au/broker/jasjeet-singh-makkar
ABBOTSBURY,NSW,2176,Ankur Ahluwalia,https://findabroker.mfaa.com.au/broker/ankur-ahluwalia
ABBOTSBURY,NSW,2176,Andrew Kelada,https://findabroker.mfaa.com.au/broker/andrew-kelada
ABBOTSBURY,NSW,2176,Jawad Zahr,https://findabroker.mfaa.com.au/broker/jawad-zahr
ABBOTSBURY,NSW,2176,Kathy Crawford,https://findabroker.mfaa.com.au/broker/kathryn-crawford
ABBOTSBURY,NSW,2176,Madan Rautela,https://findabroker.mfaa.com.au/broker/madan-rautela
ABBOTSBURY,NSW,2176,Ming Hu,https://findabroker.mfaa.com.au/broker/ming-hu
ABBOTSBURY,NSW,2176,Neelima Jagtap Jagtap,https://findabroker.mfaa.com.au/broker/neelima-jagtap
ABBOTSBURY,NSW,2176,Maz Taheri Araghi,https://findabroker.mfaa.com.au/broker/maziar-taheri-araghi
ABBOTSBURY,NSW,2176,Michael Veitch,https://findabroker.mfaa.com.au/broker/michael-veitch
ABBOTSBURY,NSW,2176,Davinder Singh,https://findabroker.mfaa.com.au/broker/davinder-singh
ABBOTSBURY,NSW,2176,David Rusali,https://findabroker.mfaa.com.au/broker/david-rusali
ABBOTSBURY,NSW,2176,Del Di Sipio,https://findabroker.mfaa.com.au/broker/delfino-di-sipio
ABBOTSBURY,NSW,2176,Rhiannon Stowers,https://findabroker.mfaa.com.au/broker/rhiannon-stowers
ABBOTSBURY,NSW,2176,Carl Tamayo,https://findabroker.mfaa.com.au/broker/carl-tamayo
ABBOTSBURY,NSW,2176,Eldho Paul Paul,https://findabroker.mfaa.com.au/broker/eldho-paul
ABBOTSBURY,NSW,2176,Jack Tarchichi,https://findabroker.mfaa.com.au/broker/jack-tarchichi
ABBOTSBURY,NSW,2176,Samuel Nashaar,https://findabroker.mfaa.com.au/broker/samuel-nashaar
ABBOTSBURY,NSW,2176,Lisa Chu,https://findabroker.mfaa.com.au/broker/bau-pei-lisa-chu
ABBOTSBURY,NSW,2176,Anupama Homagain,https://findabroker.mfaa.com.au/broker/anupama-homagain
ABBOTSBURY,NSW,2176,Michael Strachan,https://findabroker.mfaa.com.au/broker/michael-strachan
ABBOTSBURY,NSW,2176,Minh Pham,https://findabroker.mfaa.com.au/broker/minh-pham
ABBOTSBURY,NSW,2176,Naveen Thapa,https://findabroker.mfaa.com.au/broker/naveen-thapa
ABBOTSBURY,NSW,2176,Kaisar Habib,https://findabroker.mfaa.com.au/broker/kaisar-habib
ABBOTSBURY,NSW,2176,Ash Chokhal,https://findabroker.mfaa.com.au/broker/ashish-chokhal
ABBOTSBURY,NSW,2176,Joe Youssef,https://findabroker.mfaa.com.au/broker/joseph-youssef
ABBOTSBURY,NSW,2176,Benjamin Chen,https://findabroker.mfaa.com.au/broker/benjamin-chen
ABBOTSBURY,NSW,2176,Belinda Tait,https://findabroker.mfaa.com.au/broker/belinda-tait
ABBOTSBURY,NSW,2176,Azm Khan,https://findabroker.mfaa.com.au/broker/azm-khan
ABBOTSBURY,NSW,2176,Simranjit Singh,https://findabroker.mfaa.com.au/broker/simranjit-singh-2
ABBOTSBURY,NSW,2176,Mirjana Middleton,https://findabroker.mfaa.com.au/broker/mirjana-middleton
ABBOTSBURY,NSW,2176,Daniel Pike,https://findabroker.mfaa.com.au/broker/daniel-pike
ABBOTSBURY,NSW,2176,George Hanania,https://findabroker.mfaa.com.au/broker/george-hanania
ABBOTSBURY,NSW,2176,Elly Connors,https://findabroker.mfaa.com.au/broker/elly-connors
ABBOTSBURY,NSW,2176,Rojan Paudel,https://findabroker.mfaa.com.au/broker/rojan-paudel
ABBOTSBURY,NSW,2176,Steven Chan,https://findabroker.mfaa.com.au/broker/steven-chan
ABBOTSBURY,NSW,2176,Mike Ahmadi,https://findabroker.mfaa.com.au/broker/mehdi-ahmadi
ABBOTSBURY,NSW,2176,Sui Yen Ngoei,https://findabroker.mfaa.com.au/broker/sui-yen-ngoei
ABBOTSBURY,NSW,2176,Atul Bhatia,https://findabroker.mfaa.com.au/broker/atul-bhatia
ABBOTSBURY,NSW,2176,Ganga Adhikari,https://findabroker.mfaa.com.au/broker/ganga-dhar-adhikari
ABBOTSBURY,NSW,2176,Rohit Puri,https://findabroker.mfaa.com.au/broker/rohit-puri
ABBOTSBURY,NSW,2176,Chiu Leung,https://findabroker.mfaa.com.au/broker/chiu-leung
ABBOTSBURY,NSW,2176,Sabi Singh,https://findabroker.mfaa.com.au/broker/sarabjit-singh
ABBOTSBURY,NSW,2176,Allan Haddad,https://findabroker.mfaa.com.au/broker/adnan-haddad
ABBOTSBURY,NSW,2176,Julianne Lee,https://findabroker.mfaa.com.au/broker/julianne-lee
ABBOTSBURY,NSW,2176,Joshua Sidney Athanasio Athanasio,https://findabroker.mfaa.com.au/broker/joshua-athanasio
ABBOTSBURY,NSW,2176,Jeneya Carraro,https://findabroker.mfaa.com.au/broker/jeneya-carraro
ABBOTSBURY,NSW,2176,Adrian Bryers,https://findabroker.mfaa.com.au/broker/adrian-bryers
ABBOTSBURY,NSW,2176,Andrew Evans,https://findabroker.mfaa.com.au/broker/andrew-evans
ABBOTSBURY,NSW,2176,Chris Kemp,https://findabroker.mfaa.com.au/broker/christopher-kemp
ABBOTSBURY,NSW,2176,Darryn Fellowes,https://findabroker.mfaa.com.au/broker/darryn-fellowes
ABBOTSBURY,NSW,2176,Davy Wong,https://findabroker.mfaa.com.au/broker/davy-dat-wing-wong
ABBOTSBURY,NSW,2176,George Zagas,https://findabroker.mfaa.com.au/broker/george-zagas
ABBOTSBURY,NSW,2176,Joe Linco,https://findabroker.mfaa.com.au/broker/joseph-linco
ABBOTSBURY,NSW,2176,Marwan Rahme,https://findabroker.mfaa.com.au/broker/marwan-rahme
ABBOTSBURY,NSW,2176,Rohit Aggarwal,https://findabroker.mfaa.com.au/broker/rohit-aggarwal
ABBOTSBURY,NSW,2176,Scott Woodhouse,https://findabroker.mfaa.com.au/broker/scott-woodhouse
ABBOTSBURY,NSW,2176,Barbara Mourga,https://findabroker.mfaa.com.au/broker/barbara-mourga
ABBOTSBURY,NSW,2176,Gautam Suba,https://findabroker.mfaa.com.au/broker/gautam-suba
ABBOTSBURY,NSW,2176,Aniruddh Pandya,https://findabroker.mfaa.com.au/broker/aniruddh-pandya
ABBOTSBURY,NSW,2176,Daniel Mitchell,https://findabroker.mfaa.com.au/broker/daniel-mitchell
ABBOTSBURY,NSW,2176,Louis Velasquez,https://findabroker.mfaa.com.au/broker/louis-velasquez
ABBEYWOOD,QLD,4613,Jin Png,https://findabroker.mfaa.com.au/broker/jin-png
ABBEYWOOD,QLD,4613,Karen Goodrich,https://findabroker.mfaa.com.au/broker/karen-goodrich
ABBEYWOOD,QLD,4613,Augustine Disano,https://findabroker.mfaa.com.au/broker/augustine-disano
ABBEYWOOD,QLD,4613,Jason Zhao,https://findabroker.mfaa.com.au/broker/junjie-zhao
ABBEYWOOD,QLD,4613,Nicholas Herry,https://findabroker.mfaa.com.au/broker/nicholas-herry
ABBEYWOOD,QLD,4613,Anthony Matthews,https://findabroker.mfaa.com.au/broker/anthony-matthews-2
ABBEYWOOD,QLD,4613,Darryl Bevan,https://findabroker.mfaa.com.au/broker/darryl-bevan
ABBEYWOOD,QLD,4613,Natasha Tanti,https://findabroker.mfaa.com.au/broker/natasha-tanti
ABBEYWOOD,QLD,4613,Adam Tidyman,https://findabroker.mfaa.com.au/broker/adam-tidyman
ABBEYWOOD,QLD,4613,Michael Erbacher,https://findabroker.mfaa.com.au/broker/michael-erbacher
ABBEYWOOD,QLD,4613,Marcus Liew,https://findabroker.mfaa.com.au/broker/marcus-liew
ABBEYWOOD,QLD,4613,Lachlan Smith,https://findabroker.mfaa.com.au/broker/lachlan-smith
ABBEYWOOD,QLD,4613,Dhaval Bhavsar,https://findabroker.mfaa.com.au/broker/dhaval-bhavsar
ABBEYWOOD,QLD,4613,Graham Crockett,https://findabroker.mfaa.com.au/broker/graham-crockett
ABBEYWOOD,QLD,4613,Gami Ben-Harush,https://findabroker.mfaa.com.au/broker/gami-gamliel-ben-harush
ABBEYWOOD,QLD,4613,Ian Ho,https://findabroker.mfaa.com.au/broker/eng-kon-ho
ABBEYWOOD,QLD,4613,Joe Wong,https://findabroker.mfaa.com.au/broker/joseph-wong
ABBEYWOOD,QLD,4613,Cinoj Radhakrishna,https://findabroker.mfaa.com.au/broker/cinoj-radhakrishna
ABBEYWOOD,QLD,4613,Evelyn Clark,https://findabroker.mfaa.com.au/broker/evelyn-clark
ABBEYWOOD,QLD,4613,Bob Charlton,https://findabroker.mfaa.com.au/broker/robert-charlton
ABBEYWOOD,QLD,4613,Giulio Avian,https://findabroker.mfaa.com.au/broker/giulio-avian
ABBEYWOOD,QLD,4613,Subha Saha,https://findabroker.mfaa.com.au/broker/subhagata-saha
ABBEYWOOD,QLD,4613,Brayden Hayes,https://findabroker.mfaa.com.au/broker/brayden-hayes
ABBEYWOOD,QLD,4613,Anish Prasad,https://findabroker.mfaa.com.au/broker/anish-prasad
ABBEYWOOD,QLD,4613,David Pattemore,https://findabroker.mfaa.com.au/broker/david-pattemore
ABBEYWOOD,QLD,4613,Gaurav Chawla,https://findabroker.mfaa.com.au/broker/gaurav-chawla
ABBEYWOOD,QLD,4613,Mark Giddy,https://findabroker.mfaa.com.au/broker/mark-giddy
ABBEYWOOD,QLD,4613,James Stevenson,https://findabroker.mfaa.com.au/broker/james-stevenson
ABBEYWOOD,QLD,4613,Andrew Pei,https://findabroker.mfaa.com.au/broker/andrew-pei
ABBEYWOOD,QLD,4613,Gjoko Kotaleski,https://findabroker.mfaa.com.au/broker/gjoko-kotaleski
ABBEYWOOD,QLD,4613,Matthew Farrell,https://findabroker.mfaa.com.au/broker/matthew-farrell
ABBEYWOOD,QLD,4613,Anush Kumar Kalyana Sundaram,https://findabroker.mfaa.com.au/broker/anush-kumar-kalyana-sundaram
ABBEYWOOD,QLD,4613,Oscar Bhandari,https://findabroker.mfaa.com.au/broker/sagar-bhandari
ABBEYWOOD,QLD,4613,Ben Anderson,https://findabroker.mfaa.com.au/broker/benjamin-anderson
ABBEYWOOD,QLD,4613,Haesoo Kim,https://findabroker.mfaa.com.au/broker/hae-soo-kim
ABBEYWOOD,QLD,4613,Charlotte Rubbo,https://findabroker.mfaa.com.au/broker/charlotte-rubbo
ABBEYWOOD,QLD,4613,Kristin Stevens,https://findabroker.mfaa.com.au/broker/kristin-stevens
ABBEYWOOD,QLD,4613,Colin Hawkins,https://findabroker.mfaa.com.au/broker/colin-hawkins
ABBEYWOOD,QLD,4613,Glavina D’Souza,https://findabroker.mfaa.com.au/broker/glavina-d’souza
ABBEYWOOD,QLD,4613,Jacinda Manettas,https://findabroker.mfaa.com.au/broker/jacinda-manettas
ABBEYWOOD,QLD,4613,Drew Evans,https://findabroker.mfaa.com.au/broker/john-drew-evans
ABBEYWOOD,QLD,4613,Glenn Pitt,https://findabroker.mfaa.com.au/broker/glenn-pitt
ABBEYWOOD,QLD,4613,Jake de Ruyter,https://findabroker.mfaa.com.au/broker/jake-de-ruyter
ABBEYWOOD,QLD,4613,Bryce Hoffman,https://findabroker.mfaa.com.au/broker/bryce-hoffman
ABBEYWOOD,QLD,4613,Steven Nestor,https://findabroker.mfaa.com.au/broker/steven-nestor
ABBEYWOOD,QLD,4613,Chaz Shergold,https://findabroker.mfaa.com.au/broker/charles-shergold
ABBEYWOOD,QLD,4613,Ricky Lecordier,https://findabroker.mfaa.com.au/broker/frederic-lecordier
ABBEYWOOD,QLD,4613,Kate Lin,https://findabroker.mfaa.com.au/broker/jiaxin-lin
ABBEYWOOD,QLD,4613,Alex Soncini,https://findabroker.mfaa.com.au/broker/alessandro-soncini
ABBEYWOOD,QLD,4613,Alan Tenraa,https://findabroker.mfaa.com.au/broker/alan-tenraa
ABBEYWOOD,QLD,4613,Andrew Julius,https://findabroker.mfaa.com.au/broker/andrew-julius
ABBEYWOOD,QLD,4613,Matt Fry,https://findabroker.mfaa.com.au/broker/matthew-fry
ABBEYWOOD,QLD,4613,Cara O’Sullivan,https://findabroker.mfaa.com.au/broker/cara-o’sullivan
ABBEYWOOD,QLD,4613,Milan Banker,https://findabroker.mfaa.com.au/broker/milan-banker
ABBEYWOOD,QLD,4613,Gaspard Williams,https://findabroker.mfaa.com.au/broker/gaspard-williams
ABBEYWOOD,QLD,4613,Andrew Heath,https://findabroker.mfaa.com.au/broker/andrew-heath
ABBEYWOOD,QLD,4613,Brad Darvell,https://findabroker.mfaa.com.au/broker/bradley-darvell
ABBEYWOOD,QLD,4613,Laura MOYA RAMIREZ,https://findabroker.mfaa.com.au/broker/laura-moya-ramirez
ABBEYWOOD,QLD,4613,Charles Kilby,https://findabroker.mfaa.com.au/broker/charles-kilby
ABBEYWOOD,QLD,4613,Daniel Goodluck,https://findabroker.mfaa.com.au/broker/daniel-goodluck
ABBEYWOOD,QLD,4613,Jarrad Stuart,https://findabroker.mfaa.com.au/broker/jarrad-stuart
ABBEYWOOD,QLD,4613,Lee-Ann Waterworth,https://findabroker.mfaa.com.au/broker/lee-ann-waterworth
ABBEYWOOD,QLD,4613,John Brennan,https://findabroker.mfaa.com.au/broker/john-brennan
ABBEYWOOD,QLD,4613,Gopa Roy,https://findabroker.mfaa.com.au/broker/gopa-roy
ABBEYWOOD,QLD,4613,Cynthia Grisbrook,https://findabroker.mfaa.com.au/broker/cynthia-grisbrook
ABBEYWOOD,QLD,4613,Ian Whiston,https://findabroker.mfaa.com.au/broker/ian-whiston
ABBEYWOOD,QLD,4613,John Carey,https://findabroker.mfaa.com.au/broker/john-carey
ABBEYWOOD,QLD,4613,Mitch Zasadny,https://findabroker.mfaa.com.au/broker/mitchell-zasadny
ABBEYWOOD,QLD,4613,Jovin Singh Singh,https://findabroker.mfaa.com.au/broker/jovinderjit-singh
ABBEYWOOD,QLD,4613,Cindy Diaz,https://findabroker.mfaa.com.au/broker/cindy-diaz
ABBEYWOOD,QLD,4613,Livia Lin,https://findabroker.mfaa.com.au/broker/jingjia-lin
ABBEYWOOD,QLD,4613,Anchit Vashisht,https://findabroker.mfaa.com.au/broker/anchit-vashisht
ABBEYWOOD,QLD,4613,Kerrin Prankerd,https://findabroker.mfaa.com.au/broker/kerrin-prankerd
ABBEYWOOD,QLD,4613,Alex Robertson,https://findabroker.mfaa.com.au/broker/alex-robertson
ABBEYWOOD,QLD,4613,Kirsty Gillings,https://findabroker.mfaa.com.au/broker/kirsty-gillings
ABBEYWOOD,QLD,4613,Mark West,https://findabroker.mfaa.com.au/broker/mark-west
ABBEYWOOD,QLD,4613,Danyelle Frank,https://findabroker.mfaa.com.au/broker/danyelle-frank
ABBEYWOOD,QLD,4613,Jonathan Raymond,https://findabroker.mfaa.com.au/broker/jonathan-raymond
ABBEYWOOD,QLD,4613,Filepe Lagos,https://findabroker.mfaa.com.au/broker/filepe-lagos
ABBEYWOOD,QLD,4613,Brad Maskell,https://findabroker.mfaa.com.au/broker/bradley-maskell
ABBEYWOOD,QLD,4613,John Horvath,https://findabroker.mfaa.com.au/broker/john-horvath
ABBEYWOOD,QLD,4613,Martin O'Rourke,https://findabroker.mfaa.com.au/broker/martin-orourke
ABBEYWOOD,QLD,4613,Darren Kidd,https://findabroker.mfaa.com.au/broker/darren-kidd
ABBEYWOOD,QLD,4613,Jayne Gibbs,https://findabroker.mfaa.com.au/broker/jayne-gibbs
ABBEYWOOD,QLD,4613,Wayne Bourke,https://findabroker.mfaa.com.au/broker/wayne-bourke
ABBEYWOOD,QLD,4613,John Correia,https://findabroker.mfaa.com.au/broker/john-correia
ABBEYWOOD,QLD,4613,Andrew Perry,https://findabroker.mfaa.com.au/broker/andrew-perry
ABBEYWOOD,QLD,4613,Brad Sewell,https://findabroker.mfaa.com.au/broker/bradley-sewell
ABBEYWOOD,QLD,4613,Courtney Pavey,https://findabroker.mfaa.com.au/broker/courtney-pavey
ABBEYWOOD,QLD,4613,Cheng Peng,https://findabroker.mfaa.com.au/broker/cheng-peng
ABBEYWOOD,QLD,4613,Martin Eftimoski,https://findabroker.mfaa.com.au/broker/martin-eftimoski
ABBEYWOOD,QLD,4613,Paul Blake,https://findabroker.mfaa.com.au/broker/paul-blake
ABBEYWOOD,QLD,4613,Allan Houliston,https://findabroker.mfaa.com.au/broker/allan-houliston
ABBEYWOOD,QLD,4613,Joe Vancura,https://findabroker.mfaa.com.au/broker/josip-joe-vancura
ABBEYWOOD,QLD,4613,Karla Smeaton,https://findabroker.mfaa.com.au/broker/karla-smeaton
ABBEYWOOD,QLD,4613,Nathan Daniell,https://findabroker.mfaa.com.au/broker/nathan-daniell
ABBEYWOOD,QLD,4613,Sarah Adams,https://findabroker.mfaa.com.au/broker/sarah-adams
ABBEYWOOD,QLD,4613,Jeff Hill,https://findabroker.mfaa.com.au/broker/jeffery-hill
ABBEYWOOD,QLD,4613,Juliana Sekenhamo,https://findabroker.mfaa.com.au/broker/juliana-sekenhamo
ABBEYWOOD,QLD,4613,Karl Michelin-Beard,https://findabroker.mfaa.com.au/broker/karl-michelin-beard
ABBEYWOOD,QLD,4613,Sam Chau,https://findabroker.mfaa.com.au/broker/sambath-chau
ABBEYWOOD,QLD,4613,Hani Omran,https://findabroker.mfaa.com.au/broker/hani-omran
ABBEYWOOD,QLD,4613,Claudia Glass,https://findabroker.mfaa.com.au/broker/claudia-glass
ABBEYARD,VIC,3737,Graham Rye,https://findabroker.mfaa.com.au/broker/graham-rye
ABBEYARD,VIC,3737,David Kearns,https://findabroker.mfaa.com.au/broker/david-kearns
ABBEYARD,VIC,3737,Brock Thompson,https://findabroker.mfaa.com.au/broker/brock-thompson
ABBEYARD,VIC,3737,Neil Hutson,https://findabroker.mfaa.com.au/broker/neil-hutson
ABBEYARD,VIC,3737,Samuel McKenna,https://findabroker.mfaa.com.au/broker/samuel-mckenna
ABBEYARD,VIC,3737,Vince Renna,https://findabroker.mfaa.com.au/broker/vincenzo-renna
ABBEYARD,VIC,3737,Brenton Moyle,https://findabroker.mfaa.com.au/broker/brenton-moyle
ABBEYARD,VIC,3737,Melissa Ashcroft,https://findabroker.mfaa.com.au/broker/melissa-ashcroft
ABBEYARD,VIC,3737,Krste Kojoski,https://findabroker.mfaa.com.au/broker/krste-kojoski
ABBEYARD,VIC,3737,Bianca Gallagher,https://findabroker.mfaa.com.au/broker/bianca-gallagher
ABBEYARD,VIC,3737,Jacqui Peeler,https://findabroker.mfaa.com.au/broker/jacquelyn-peeler
ABBEYARD,VIC,3737,Dean Reich,https://findabroker.mfaa.com.au/broker/dean-reich
ABBEYARD,VIC,3737,Greg Sly,https://findabroker.mfaa.com.au/broker/gregory-sly
ABBEYARD,VIC,3737,Mac Loxton,https://findabroker.mfaa.com.au/broker/mac-loxton
ABBEYARD,VIC,3737,Em Betreen,https://findabroker.mfaa.com.au/broker/emily-betreen
ABBEYARD,VIC,3737,Craigh Wilson,https://findabroker.mfaa.com.au/broker/craigh-wilson
ABBEYARD,VIC,3737,Cecil Grimmer,https://findabroker.mfaa.com.au/broker/cecil-grimmer
ABBEYARD,VIC,3737,Eamonn Badenoch Brennan,https://findabroker.mfaa.com.au/broker/eamonn-badenoch-brennan
ABBEYARD,VIC,3737,Emma Klingner,https://findabroker.mfaa.com.au/broker/emma-klingner
ABBEYARD,VIC,3737,Joey Delis,https://findabroker.mfaa.com.au/broker/joe-delis
ABBEYARD,VIC,3737,Adrian Rogers,https://findabroker.mfaa.com.au/broker/adrian-rogers
ABBEYARD,VIC,3737,Donna Bamkin,https://findabroker.mfaa.com.au/broker/donna-bamkin
ABBEYARD,VIC,3737,Angela Moore,https://findabroker.mfaa.com.au/broker/angela-moore
ABBEYARD,VIC,3737,Baset Sadiqi,https://findabroker.mfaa.com.au/broker/ahmad-baset-sadiqi-2
ABBEYARD,VIC,3737,Matt Miller,https://findabroker.mfaa.com.au/broker/matthew-miller
ABBEYARD,VIC,3737,Natalie Quinn,https://findabroker.mfaa.com.au/broker/natalie-quinn
ABBEYARD,VIC,3737,Trevor Russell,https://findabroker.mfaa.com.au/broker/trevor-russell
ABBEYARD,VIC,3737,Kevin Jin,https://findabroker.mfaa.com.au/broker/kevin-ji-zong-jin
ABBEYARD,VIC,3737,Bradley Fraser,https://findabroker.mfaa.com.au/broker/bradley-fraser
ABBEYARD,VIC,3737,Andy Kotzoulas,https://findabroker.mfaa.com.au/broker/andrew-kotzoulas
ABBEYARD,VIC,3737,Ket Redman,https://findabroker.mfaa.com.au/broker/ketuly-redman
ABBEYARD,VIC,3737,Nathan Edwards,https://findabroker.mfaa.com.au/broker/nathan-edwards
ABBEYARD,VIC,3737,Alexander Nochar,https://findabroker.mfaa.com.au/broker/alexander-nochar
ABBEYARD,VIC,3737,Charlie Hemmings,https://findabroker.mfaa.com.au/broker/charles-hemmings
ABBEYARD,VIC,3737,Charles Loveridge,https://findabroker.mfaa.com.au/broker/charles-loveridge
ABBEYARD,VIC,3737,Fane Levy,https://findabroker.mfaa.com.au/broker/fane-levy
ABBEYARD,VIC,3737,Joshua El-bayeh,https://findabroker.mfaa.com.au/broker/joshua-el-bayeh
ABBEYARD,VIC,3737,Lachlan Parker,https://findabroker.mfaa.com.au/broker/lachlan-parker
ABBEYARD,VIC,3737,Paris Galombik,https://findabroker.mfaa.com.au/broker/paris-galombik
ABBEYARD,VIC,3737,Stephen Cush,https://findabroker.mfaa.com.au/broker/stephen-cush
ABBEYARD,VIC,3737,Terri Miller,https://findabroker.mfaa.com.au/broker/terri-miller
ABBEYARD,VIC,3737,Theodore Chambers,https://findabroker.mfaa.com.au/broker/theodore-chambers
ABBEYARD,VIC,3737,Megan Roots,https://findabroker.mfaa.com.au/broker/megan-roots
ABBEYARD,VIC,3737,Dylan Beer,https://findabroker.mfaa.com.au/broker/dylan-beer
ABBEYARD,VIC,3737,Melissa Mullin,https://findabroker.mfaa.com.au/broker/melissa-mullin
ABBEYARD,VIC,3737,Abby Doyle,https://findabroker.mfaa.com.au/broker/abby-doyle
ABBEYARD,VIC,3737,Liz Wilson,https://findabroker.mfaa.com.au/broker/elizabeth-wilson
ABBEYARD,VIC,3737,Robert Simpson,https://findabroker.mfaa.com.au/broker/robert-simpson
ABBEYARD,VIC,3737,Vik Asthana,https://findabroker.mfaa.com.au/broker/vikram-asthana
ABBEYARD,VIC,3737,Noel Wright,https://findabroker.mfaa.com.au/broker/noel-wright
ABBEYARD,VIC,3737,Paul Pisasale,https://findabroker.mfaa.com.au/broker/paul-pisasale
ABBEYARD,VIC,3737,Saskia Coleman,https://findabroker.mfaa.com.au/broker/saskia-coleman
ABBEYARD,VIC,3737,Evelyn Cook,https://findabroker.mfaa.com.au/broker/evelyn-cook
ABBEYARD,VIC,3737,Jo Pausin,https://findabroker.mfaa.com.au/broker/joanna-pausin
ABBEYARD,VIC,3737,Kym Wilson,https://findabroker.mfaa.com.au/broker/kym-wilson
ABBEYARD,VIC,3737,Jason Arnold,https://findabroker.mfaa.com.au/broker/jason-arnold
ABBEYARD,VIC,3737,Dan McNabb,https://findabroker.mfaa.com.au/broker/daniel-mcnabb
ABBEYARD,VIC,3737,Andrew White,https://findabroker.mfaa.com.au/broker/andrew-white-3
ABBEYARD,VIC,3737,Steven Zahos,https://findabroker.mfaa.com.au/broker/steven-zahos
ABBEYARD,VIC,3737,Aaron Polini,https://findabroker.mfaa.com.au/broker/aaron-polini
ABBEYARD,VIC,3737,Kieran Stone,https://findabroker.mfaa.com.au/broker/kieran-stone
ABBEYARD,VIC,3737,Megh Castledine,https://findabroker.mfaa.com.au/broker/meghan-castledine
ABBEYARD,VIC,3737,Paul Filing,https://findabroker.mfaa.com.au/broker/paul-filing
ABBEYARD,VIC,3737,Angela Martin,https://findabroker.mfaa.com.au/broker/angelica-martin
ABBEYARD,VIC,3737,Beilei Pan,https://findabroker.mfaa.com.au/broker/beilei-pan
ABBEYARD,VIC,3737,Brad Jensen,https://findabroker.mfaa.com.au/broker/bradley-jensen
ABBEYARD,VIC,3737,Mia Cataldo,https://findabroker.mfaa.com.au/broker/mia-cataldo
ABBEYARD,VIC,3737,Katerina Spickova,https://findabroker.mfaa.com.au/broker/katerina-spickova
ABBEYARD,VIC,3737,Chris Do,https://findabroker.mfaa.com.au/broker/christopher-do
ABBEYARD,VIC,3737,Brody Sharkey,https://findabroker.mfaa.com.au/broker/brody-sharkey
ABBEYARD,VIC,3737,Matt Fernihough,https://findabroker.mfaa.com.au/broker/matthew-fernihough
ABBEYARD,VIC,3737,Jodi Gelbart,https://findabroker.mfaa.com.au/broker/jodi-gelbart
ABBEYARD,VIC,3737,Manpreet Arora,https://findabroker.mfaa.com.au/broker/manpreet-singh-arora
ABBEYARD,VIC,3737,Douglas Chan,https://findabroker.mfaa.com.au/broker/douglas-chan
ABBEYARD,VIC,3737,Bulelwa Freer,https://findabroker.mfaa.com.au/broker/bulelwa-freer
ABBEYARD,VIC,3737,Candy Wong,https://findabroker.mfaa.com.au/broker/candy-cheong-ching-wong
ABBEYARD,VIC,3737,Kinley Wangdi,https://findabroker.mfaa.com.au/broker/kinley-wangdi
ABBEYARD,VIC,3737,Dolly Brtan,https://findabroker.mfaa.com.au/broker/dolly-brtan
ABBEYARD,VIC,3737,Justin Warwick,https://findabroker.mfaa.com.au/broker/justin-warwick
ABBEYARD,VIC,3737,Tim Gould,https://findabroker.mfaa.com.au/broker/timothy-gould
ABBEYARD,VIC,3737,Michael Stock,https://findabroker.mfaa.com.au/broker/michael-stock
ABBEYARD,VIC,3737,Bhavna Chopra,https://findabroker.mfaa.com.au/broker/bhavna-chopra
ABBEYARD,VIC,3737,Dean Misters,https://findabroker.mfaa.com.au/broker/dean-misters
ABBEYARD,VIC,3737,Andrew Siegert,https://findabroker.mfaa.com.au/broker/andrew-siegert
ABBEYARD,VIC,3737,Scott Thornton,https://findabroker.mfaa.com.au/broker/scott-thornton
ABBEYARD,VIC,3737,Nathan McCarthy,https://findabroker.mfaa.com.au/broker/nathan-mccarthy
ABBEYARD,VIC,3737,Chris Anderson,https://findabroker.mfaa.com.au/broker/christopher-anderson
ABBEYARD,VIC,3737,Karen Shek,https://findabroker.mfaa.com.au/broker/ka-wing-shek
ABBEYARD,VIC,3737,Andy Murphy,https://findabroker.mfaa.com.au/broker/andrew-murphy
ABBEYARD,VIC,3737,Anthony Ng Ng,https://findabroker.mfaa.com.au/broker/anthony-ng
ABBEYARD,VIC,3737,Manisha Taneja,https://findabroker.mfaa.com.au/broker/manisha-taneja
ABBEYARD,VIC,3737,Anant Kafle,https://findabroker.mfaa.com.au/broker/anant-raj-kafle
ABBEYARD,VIC,3737,Karen Long,https://findabroker.mfaa.com.au/broker/karen-long
ABBEYARD,VIC,3737,Emma Stephens,https://findabroker.mfaa.com.au/broker/emma-stephens
ABBEYARD,VIC,3737,John Mangion,https://findabroker.mfaa.com.au/broker/john-mangion
ABBEYARD,VIC,3737,Dino Penna,https://findabroker.mfaa.com.au/broker/diodoro-penna
ABBEYARD,VIC,3737,Jose Pottakaran,https://findabroker.mfaa.com.au/broker/jose-pottakaran
ABBEYARD,VIC,3737,Christopher Lowes,https://findabroker.mfaa.com.au/broker/christopher-lowes
ABBEYARD,VIC,3737,Brendon Tan,https://findabroker.mfaa.com.au/broker/brendon-tan
ABBEYARD,VIC,3737,Angelique Sheedy,https://findabroker.mfaa.com.au/broker/angelique-sheedy
ABBEYARD,VIC,3737,Lily Ly,https://findabroker.mfaa.com.au/broker/lily-ly
ABBEYARD,VIC,3737,Kirsty Twitt,https://findabroker.mfaa.com.au/broker/kirsty-twitt
ABBEYARD,VIC,3737,Mark Bartolo,https://findabroker.mfaa.com.au/broker/mark-bartolo
ABBEYARD,VIC,3737,Johnny Tharmalingam,https://findabroker.mfaa.com.au/broker/yogarajah-tharmalingam
ABBEYARD,VIC,3737,Toni Mladenova,https://findabroker.mfaa.com.au/broker/toni-mladenova
ABBEYARD,VIC,3737,Arina Li,https://findabroker.mfaa.com.au/broker/mengjia-li
ABBEYARD,VIC,3737,Shi Wei Lim,https://findabroker.mfaa.com.au/broker/shi-wei-lim
ABBEYARD,VIC,3737,Andrew Rothbart,https://findabroker.mfaa.com.au/broker/andrew-rothbart
ABBEYARD,VIC,3737,Ami Ostler Ostler,https://findabroker.mfaa.com.au/broker/ami-ostler
ABBEYARD,VIC,3737,Matthew Paterson,https://findabroker.mfaa.com.au/broker/matthew-paterson
ABBEYARD,VIC,3737,Charles Touma,https://findabroker.mfaa.com.au/broker/charles-touma
ABBEYARD,VIC,3737,Andrew Underwood,https://findabroker.mfaa.com.au/broker/andrew-underwood
ABBEYARD,VIC,3737,Brad Agnew,https://findabroker.mfaa.com.au/broker/bradley-agnew
ABBEYARD,VIC,3737,Amar Alluri,https://findabroker.mfaa.com.au/broker/amarendra-alluri
ABBEYARD,VIC,3737,Adam Bennett,https://findabroker.mfaa.com.au/broker/adam-bennett
ABBEYARD,VIC,3737,Annabelle Triganza Triganza,https://findabroker.mfaa.com.au/broker/annabelle-triganza
ABBEYARD,VIC,3737,Matthew Robinson,https://findabroker.mfaa.com.au/broker/matthew-robinson
ABBEYARD,VIC,3737,Trevor Scott,https://findabroker.mfaa.com.au/broker/trevor-scott
ABBEYARD,VIC,3737,Aman Kaur,https://findabroker.mfaa.com.au/broker/amandeep-kaur-3
ABBEYARD,VIC,3737,Mark Kruger,https://findabroker.mfaa.com.au/broker/mark-kruger
ABBEYARD,VIC,3737,Don De Almeida,https://findabroker.mfaa.com.au/broker/don-de-almeida
ABBEYARD,VIC,3737,Josh Barry,https://findabroker.mfaa.com.au/broker/joshua-barry
ABBEYARD,VIC,3737,Jason Pitkeathly,https://findabroker.mfaa.com.au/broker/jason-pitkeathly
ABBEYARD,VIC,3737,David Ritossa,https://findabroker.mfaa.com.au/broker/david-ritossa
ABBEYARD,VIC,3737,Andrew Thomas,https://findabroker.mfaa.com.au/broker/andrew-thomas-2
ABBEYARD,VIC,3737,Rod Deutschbein,https://findabroker.mfaa.com.au/broker/rod-deutschbein
ABBEYARD,VIC,3737,Adam Carmody,https://findabroker.mfaa.com.au/broker/adam-carmody
ABBEYARD,VIC,3737,Maria Aceto,https://findabroker.mfaa.com.au/broker/maria-aceto
ABBEYARD,VIC,3737,Ri Chen,https://findabroker.mfaa.com.au/broker/ri-chen
ABBEYARD,VIC,3737,Greg Vidler,https://findabroker.mfaa.com.au/broker/gregory-vidler
ABBEYARD,VIC,3737,Jamie Stevenson,https://findabroker.mfaa.com.au/broker/jamie-stevenson
ABBOTSFORD,QLD,4670,Brendan Baker,https://findabroker.mfaa.com.au/broker/brendan-baker
ABBOTSFORD,QLD,4670,Jake Arden,https://findabroker.mfaa.com.au/broker/jacob-arden
ABBOTSFORD,QLD,4670,Ryan Crawford,https://findabroker.mfaa.com.au/broker/ryan-crawford
ABBOTSFORD,QLD,4670,Ibrahim Issa,https://findabroker.mfaa.com.au/broker/ibrahim-issa
ABBOTSFORD,QLD,4670,Chamnap Teng,https://findabroker.mfaa.com.au/broker/chamnap-teng
ABBOTSFORD,QLD,4670,Artemio Magtanong,https://findabroker.mfaa.com.au/broker/artemio-magtanong
ABBOTSFORD,QLD,4670,Glen Carter,https://findabroker.mfaa.com.au/broker/glen-carter
ABBOTSFORD,QLD,4670,Nicholas Barr,https://findabroker.mfaa.com.au/broker/nicholas-barr
ABBOTSFORD,QLD,4670,Chiew Lim,https://findabroker.mfaa.com.au/broker/chiew-lim
ABBOTSFORD,QLD,4670,Lee Masterson,https://findabroker.mfaa.com.au/broker/leanne-masterson
ABBOTSFORD,QLD,4670,Issy Reeves,https://findabroker.mfaa.com.au/broker/isobel-reeves
ABBOTSFORD,QLD,4670,Judy Gibson,https://findabroker.mfaa.com.au/broker/judy-gibson
ABBOTSFORD,QLD,4670,Daniel Tran,https://findabroker.mfaa.com.au/broker/daniel-tran
ABBOTSFORD,QLD,4670,Dale Mertens,https://findabroker.mfaa.com.au/broker/dale-mertens
ABBOTSFORD,QLD,4670,Adam Clark,https://findabroker.mfaa.com.au/broker/adam-clark
ABBOTSFORD,QLD,4670,Michael Umbers,https://findabroker.mfaa.com.au/broker/michael-umbers
ABBOTSFORD,QLD,4670,Manjula Mahindajit,https://findabroker.mfaa.com.au/broker/manjula-mahindajit
ABBOTSFORD,QLD,4670,Naseem Rasekh,https://findabroker.mfaa.com.au/broker/mohammad-naseem-rasekh
ABBOTSFORD,QLD,4670,Stephen Marsh,https://findabroker.mfaa.com.au/broker/stephen-marsh
ABBOTSFORD,QLD,4670,Linh Hoang,https://findabroker.mfaa.com.au/broker/linh-hoang
ABBOTSFORD,QLD,4670,Daniel Bowler,https://findabroker.mfaa.com.au/broker/daniel-bowler-2
ABBOTSFORD,QLD,4670,Ines Dibon,https://findabroker.mfaa.com.au/broker/ines-dibon
ABBOTSFORD,QLD,4670,Kimia Bayat,https://findabroker.mfaa.com.au/broker/kimia-bayat
ABBOTSFORD,QLD,4670,Alissa Childs,https://findabroker.mfaa.com.au/broker/alissa-childs
ABBOTSFORD,QLD,4670,Elouise Dooley,https://findabroker.mfaa.com.au/broker/elouise-dooley
ABBOTSFORD,QLD,4670,Jack Linehan,https://findabroker.mfaa.com.au/broker/jack-linehan
ABBOTSFORD,QLD,4670,Brian Lowe,https://findabroker.mfaa.com.au/broker/brian-lowe
ABBOTSFORD,QLD,4670,Chamila Suraweera,https://findabroker.mfaa.com.au/broker/chamila-suraweera
ABBOTSFORD,QLD,4670,Anton Clarke,https://findabroker.mfaa.com.au/broker/anton-clarke
ABBOTSFORD,QLD,4670,Damon Murphy,https://findabroker.mfaa.com.au/broker/damon-murphy
ABBOTSFORD,QLD,4670,Akram Hamze,https://findabroker.mfaa.com.au/broker/akram-hamze
ABBOTSFORD,QLD,4670,EVONNE Liang,https://findabroker.mfaa.com.au/broker/hua-wei-liang
ABBOTSFORD,QLD,4670,Martin Wu Wu,https://findabroker.mfaa.com.au/broker/jian-wu
ABBOTSFORD,QLD,4670,Neil Russell,https://findabroker.mfaa.com.au/broker/neil-russell
ABBOTSFORD,QLD,4670,Kylie Wetherall,https://findabroker.mfaa.com.au/broker/kylie-wetherall
ABBOTSFORD,QLD,4670,Bernie Kyne,https://findabroker.mfaa.com.au/broker/bernard-kyne
ABBOTSFORD,QLD,4670,Prashanth Ramkumar,https://findabroker.mfaa.com.au/broker/prashanth-ramkumar
ABBOTSFORD,QLD,4670,Daniel Mubake,https://findabroker.mfaa.com.au/broker/aganze-mubake
ABBOTSFORD,QLD,4670,David Chilnicean,https://findabroker.mfaa.com.au/broker/david-chilnicean
ABBOTSFORD,QLD,4670,Jeremy Tsunoda,https://findabroker.mfaa.com.au/broker/jeremy-tsunoda
ABBOTSFORD,QLD,4670,Luke Howard,https://findabroker.mfaa.com.au/broker/luke-howard
ABBOTSFORD,QLD,4670,Jill Lonsdale,https://findabroker.mfaa.com.au/broker/jillvan-lonsdale
ABBOTSFORD,QLD,4670,Beau Dalton,https://findabroker.mfaa.com.au/broker/beau-dalton
ABBOTSFORD,QLD,4670,Brad Durtanovich,https://findabroker.mfaa.com.au/broker/brad-durtanovich
ABBOTSFORD,QLD,4670,Cody Blackhurst,https://findabroker.mfaa.com.au/broker/cody-blackhurst
ABBOTSFORD,QLD,4670,Craig Guthrie,https://findabroker.mfaa.com.au/broker/craig-guthrie
ABBOTSFORD,QLD,4670,Chuck Ah Kiau,https://findabroker.mfaa.com.au/broker/charles-ah-kiau
ABBOTSFORD,QLD,4670,Kali Selby,https://findabroker.mfaa.com.au/broker/kali-selby
ABBOTSFORD,QLD,4670,Loni Karabesinis,https://findabroker.mfaa.com.au/broker/loni-karabesinis
ABBOTSFORD,QLD,4670,William Constantinidis,https://findabroker.mfaa.com.au/broker/william-constantinidis
ABBOTSFORD,QLD,4670,Joel Peter,https://findabroker.mfaa.com.au/broker/joel-peter
ABBOTSFORD,QLD,4670,Joedy Van Eekelen,https://findabroker.mfaa.com.au/broker/joedy-van-eekelen
ABBOTSFORD,QLD,4670,Brendan O'Reilly,https://findabroker.mfaa.com.au/broker/brendan-oreilly
ABBOTSFORD,QLD,4670,Rob Emmett,https://findabroker.mfaa.com.au/broker/rob-emmett
ABBOTSFORD,QLD,4670,Lucia Ambler,https://findabroker.mfaa.com.au/broker/lucia-ambler
ABBOTSFORD,QLD,4670,Lindsay Sanderson,https://findabroker.mfaa.com.au/broker/lindsay-sanderson
ABBOTSFORD,QLD,4670,Adam Savin,https://findabroker.mfaa.com.au/broker/adam-savin
ABBOTSFORD,QLD,4670,Ely Vanz,https://findabroker.mfaa.com.au/broker/ely-vanz
ABBOTSFORD,QLD,4670,Jo Zhang,https://findabroker.mfaa.com.au/broker/ling-zhang
ABBOTSFORD,QLD,4670,Carol King,https://findabroker.mfaa.com.au/broker/carol-king
ABBOTSFORD,QLD,4670,Harleen Anand,https://findabroker.mfaa.com.au/broker/harleen-anand
ABBOTSFORD,QLD,4670,Christian Greco,https://findabroker.mfaa.com.au/broker/christian-greco
ABBOTSFORD,QLD,4670,Tony Pearson,https://findabroker.mfaa.com.au/broker/anthony-pearson
ABBOTSFORD,QLD,4670,Darin Hindmarsh,https://findabroker.mfaa.com.au/broker/darin-hindmarsh
ABBOTSFORD,QLD,4670,Toni Angelevski,https://findabroker.mfaa.com.au/broker/toni-angelevski
ABBOTSFORD,QLD,4670,Jenny Deushian,https://findabroker.mfaa.com.au/broker/eugenie-jenny-deushian
ABBOTSFORD,QLD,4670,Sun-Myong Joo,https://findabroker.mfaa.com.au/broker/sun-myong-joo
ABBOTSFORD,QLD,4670,Ben Fitch,https://findabroker.mfaa.com.au/broker/benjamin-fitch
ABBOTSFORD,QLD,4670,Karlie Scharfenberg,https://findabroker.mfaa.com.au/broker/karlie-scharfenberg
ABBOTSFORD,QLD,4670,Lambros Tsoumaris,https://findabroker.mfaa.com.au/broker/lambros-tsoumaris
ABBOTSFORD,QLD,4670,Clinton Midgley,https://findabroker.mfaa.com.au/broker/clinton-midgley
ABBOTSFORD,QLD,4670,Manoj Miranda,https://findabroker.mfaa.com.au/broker/manoj-miranda
ABBOTSFORD,QLD,4670,Brent Vidler,https://findabroker.mfaa.com.au/broker/brent-vidler
ABBOTSFORD,QLD,4670,Jeff Sawtell,https://findabroker.mfaa.com.au/broker/jeff-sawtell
ABBOTSFORD,QLD,4670,Malik Babwani,https://findabroker.mfaa.com.au/broker/malik-babwani
ABBOTSFORD,QLD,4670,Lyn Watkins,https://findabroker.mfaa.com.au/broker/lynette-watkins
ABBOTSFORD,QLD,4670,Marcus Henderson,https://findabroker.mfaa.com.au/broker/marcus-henderson
ABBOTSFORD,QLD,4670,James Fowler,https://findabroker.mfaa.com.au/broker/james-fowler
ABBOTSFORD,QLD,4670,Jason Smith,https://findabroker.mfaa.com.au/broker/jason-smith-2
ABBOTSFORD,QLD,4670,Paul Channell,https://findabroker.mfaa.com.au/broker/paul-channell
ABBOTSFORD,QLD,4670,Charles Mpala,https://findabroker.mfaa.com.au/broker/charles-mpala
ABBOTSFORD,QLD,4670,Calvin Lam,https://findabroker.mfaa.com.au/broker/ho-wai-lam
ABBOTSFORD,QLD,4670,Lance Barham,https://findabroker.mfaa.com.au/broker/lance-barham
ABBOTSFORD,QLD,4670,Alix Zillmann,https://findabroker.mfaa.com.au/broker/alix-zillmann
ABBOTSFORD,QLD,4670,Raymond Wardan,https://findabroker.mfaa.com.au/broker/raymond-wardan
ABBOTSFORD,QLD,4670,John Mathiopoulos,https://findabroker.mfaa.com.au/broker/john-mathiopoulos
ABBOTSFORD,QLD,4670,Tony Henry,https://findabroker.mfaa.com.au/broker/tony-henry
ABBOTSFORD,QLD,4670,Allisson Crain,https://findabroker.mfaa.com.au/broker/allisson-crain
ABBOTSFORD,QLD,4670,Jocelyn Mendoza,https://findabroker.mfaa.com.au/broker/jocelyn-mendoza
ABBOTSFORD,QLD,4670,Craig Gadsden,https://findabroker.mfaa.com.au/broker/craig-gadsden
ABBOTSFORD,QLD,4670,Akshaya Naronikar,https://findabroker.mfaa.com.au/broker/akshaya-naronikar
ABBOTSFORD,QLD,4670,Josh Joseph,https://findabroker.mfaa.com.au/broker/joshua-joseph
ABBOTSFORD,QLD,4670,Julie Hart,https://findabroker.mfaa.com.au/broker/julie-hart
ABBOTSFORD,QLD,4670,Kate Powell,https://findabroker.mfaa.com.au/broker/kate-powell
ABBOTSFORD,QLD,4670,Natasha Nel,https://findabroker.mfaa.com.au/broker/natasha-nel
ABBOTSFORD,QLD,4670,Amit Tibrewal,https://findabroker.mfaa.com.au/broker/amit-tibrewal
ABBOTSFORD,QLD,4670,John Carson-Zangor,https://findabroker.mfaa.com.au/broker/john-carson-zangor
ABBOTSFORD,VIC,3067,Andrew Heard,https://findabroker.mfaa.com.au/broker/andrew-heard
ABBOTSFORD,VIC,3067,Melinda Young,https://findabroker.mfaa.com.au/broker/melinda-young
ABBOTSFORD,VIC,3067,Damien Mather,https://findabroker.mfaa.com.au/broker/damien-mather
ABBOTSFORD,VIC,3067,Maree Trovato,https://findabroker.mfaa.com.au/broker/maree-trovato
ABBOTSFORD,VIC,3067,Djamel Chettibi,https://findabroker.mfaa.com.au/broker/djamel-chettibi
ABBOTSFORD,VIC,3067,Harry Deryan,https://findabroker.mfaa.com.au/broker/harry-deryan
ABBOTSFORD,VIC,3067,Rayden Tallis,https://findabroker.mfaa.com.au/broker/rayden-tallis
ABBOTSFORD,VIC,3067,Dean Phelan,https://findabroker.mfaa.com.au/broker/dean-phelan
ABBOTSFORD,VIC,3067,Jeremy Kruse,https://findabroker.mfaa.com.au/broker/jeremy-kruse
ABBOTSFORD,VIC,3067,Spiro Kolokithas,https://findabroker.mfaa.com.au/broker/spiro-kolokithas
ABBOTSFORD,VIC,3067,Rob Greco,https://findabroker.mfaa.com.au/broker/robert-greco
ABBOTSFORD,VIC,3067,Danha Ngo,https://findabroker.mfaa.com.au/broker/dan-ha-ngo
ABBOTSFORD,VIC,3067,John Cursio,https://findabroker.mfaa.com.au/broker/john-cursio
ABBOTSFORD,VIC,3067,Tony Street,https://findabroker.mfaa.com.au/broker/anthony-street
ABBOTSFORD,VIC,3067,Sandy Basten,https://findabroker.mfaa.com.au/broker/alexander-basten
ABBOTSFORD,VIC,3067,Conor Anderson,https://findabroker.mfaa.com.au/broker/conor-anderson
ABBOTSFORD,VIC,3067,Jason Pogorelec,https://findabroker.mfaa.com.au/broker/jason-pogorelec
ABBOTSFORD,VIC,3067,Ankit Babbar,https://findabroker.mfaa.com.au/broker/ankit-babbar
ABBOTSFORD,VIC,3067,Kieran Williams,https://findabroker.mfaa.com.au/broker/kieran-williams
ABBOTSFORD,VIC,3067,David Cowen,https://findabroker.mfaa.com.au/broker/david-cowen
ABBOTSFORD,VIC,3067,Dharma Balaghee,https://findabroker.mfaa.com.au/broker/dharmarajen-balaghee
ABBOTSFORD,VIC,3067,Anthony Franklin,https://findabroker.mfaa.com.au/broker/anthony-franklin
ABBOTSFORD,VIC,3067,James Ross,https://findabroker.mfaa.com.au/broker/james-ross
ABBOTSFORD,VIC,3067,Christopher Lewis,https://findabroker.mfaa.com.au/broker/christopher-lewis
ABBOTSFORD,VIC,3067,Robert Davidson,https://findabroker.mfaa.com.au/broker/robert-davidson
ABBOTSFORD,VIC,3067,Jeremy Goddard,https://findabroker.mfaa.com.au/broker/jeremy-goddard
ABBOTSFORD,VIC,3067,Doug Bohmer,https://findabroker.mfaa.com.au/broker/douglas-bohmer
ABBOTSFORD,VIC,3067,Eva Chang,https://findabroker.mfaa.com.au/broker/eva-chang
ABBOTSFORD,VIC,3067,Gerald Teh,https://findabroker.mfaa.com.au/broker/gerald-teh
ABBOTSFORD,VIC,3067,Paul Pettofrezza,https://findabroker.mfaa.com.au/broker/paul-pettofrezza
ABBOTSFORD,VIC,3067,Julian Martin,https://findabroker.mfaa.com.au/broker/julian-martin
ABBOTSFORD,VIC,3067,Matthew Gallagher,https://findabroker.mfaa.com.au/broker/matthew-gallagher
ABBOTSFORD,VIC,3067,Kelly Gorman,https://findabroker.mfaa.com.au/broker/kelly-gorman
ABBOTSFORD,VIC,3067,John Hronis,https://findabroker.mfaa.com.au/broker/john-hronis-2
ABBOTSFORD,VIC,3067,Haydn Maddock,https://findabroker.mfaa.com.au/broker/haydn-maddock
ABBOTSFORD,VIC,3067,Robert Siric,https://findabroker.mfaa.com.au/broker/robert-siric
ABBOTSFORD,VIC,3067,Anton Vdovin,https://findabroker.mfaa.com.au/broker/anton-vdovin
ABBOTSFORD,VIC,3067,Josie Caia,https://findabroker.mfaa.com.au/broker/josie-caia
ABBOTSFORD,VIC,3067,Brenda Yan,https://findabroker.mfaa.com.au/broker/brenda-yan
ABBOTSFORD,VIC,3067,Joshua Egan,https://findabroker.mfaa.com.au/broker/joshua-egan
ABBOTSFORD,VIC,3067,Anh Dang,https://findabroker.mfaa.com.au/broker/anh-dang
ABBOTSFORD,VIC,3067,John Kapeleris,https://findabroker.mfaa.com.au/broker/john-kapeleris
ABBOTSFORD,VIC,3067,Victor Foo,https://findabroker.mfaa.com.au/broker/fuyuan-foo
ABBOTSFORD,VIC,3067,Theo Papageorgiou,https://findabroker.mfaa.com.au/broker/theo-papageorgiou
ABBOTSFORD,VIC,3067,Lee Redpath,https://findabroker.mfaa.com.au/broker/lee-redpath
ABBOTSFORD,VIC,3067,Alexander Phokos,https://findabroker.mfaa.com.au/broker/alexander-phokos
ABBOTSFORD,VIC,3067,Dominic Polifrone,https://findabroker.mfaa.com.au/broker/dominic-polifrone
ABBOTSFORD,VIC,3067,Max Waller,https://findabroker.mfaa.com.au/broker/maxwell-waller
ABBOTSFORD,VIC,3067,Gehan Pereira,https://findabroker.mfaa.com.au/broker/gehan-pereira
ABBOTSFORD,VIC,3067,Michael Kent,https://findabroker.mfaa.com.au/broker/michael-kent
ABBOTSFORD,VIC,3067,Nina Batt,https://findabroker.mfaa.com.au/broker/nina-batt
ABBOTSFORD,VIC,3067,Cameron Perry,https://findabroker.mfaa.com.au/broker/cameron-perry
ABBOTSFORD,VIC,3067,Cameron Perry,https://findabroker.mfaa.com.au/broker/cameron-perry-2
ABBOTSFORD,VIC,3067,Callum Kerr,https://findabroker.mfaa.com.au/broker/callum-kerr
ABBOTSFORD,VIC,3067,Peter Newman,https://findabroker.mfaa.com.au/broker/peter-newman
ABBOTSFORD,VIC,3067,Chris Carstens,https://findabroker.mfaa.com.au/broker/chris-carstens
ABBOTSFORD,VIC,3067,Luise Rose,https://findabroker.mfaa.com.au/broker/luise-rose
ABBOTSFORD,VIC,3067,Chantal sequeira,https://findabroker.mfaa.com.au/broker/chantal-sequeira
ABBOTSFORD,VIC,3067,Andrew Carra,https://findabroker.mfaa.com.au/broker/andrew-carra
ABBOTSFORD,VIC,3067,Jordan Pollock,https://findabroker.mfaa.com.au/broker/jordan-pollock
ABBOTSFORD,VIC,3067,Anthony Hong,https://findabroker.mfaa.com.au/broker/anthony-hong
ABBOTSFORD,VIC,3067,Grant Parker,https://findabroker.mfaa.com.au/broker/grant-parker
ABBOTSFORD,VIC,3067,Gary Ritchie,https://findabroker.mfaa.com.au/broker/gary-ritchie
ABBOTSFORD,VIC,3067,Dave Carnie,https://findabroker.mfaa.com.au/broker/david-carnie
ABBOTSFORD,VIC,3067,George Kolliou,https://findabroker.mfaa.com.au/broker/george-kolliou
ABBOTSFORD,VIC,3067,Quyen Pham-Nguyen,https://findabroker.mfaa.com.au/broker/quyen-pham-nguyen
ABBOTSFORD,VIC,3067,Joshua Malkoun,https://findabroker.mfaa.com.au/broker/joshua-malkoun
ABBOTSFORD,VIC,3067,Jim Karagiannis,https://findabroker.mfaa.com.au/broker/jim-karagiannis
ABBOTSFORD,VIC,3067,Linda O'Neill,https://findabroker.mfaa.com.au/broker/linda-oneill
ABBOTSFORD,VIC,3067,Faisal Farah,https://findabroker.mfaa.com.au/broker/faisal-farah
ABBOTSFORD,VIC,3067,Quinn Chen,https://findabroker.mfaa.com.au/broker/hui-wen-chen
ABBOTSFORD,VIC,3067,Steven Emms,https://findabroker.mfaa.com.au/broker/steven-emms
ABBOTSFORD,VIC,3067,Lisa Li,https://findabroker.mfaa.com.au/broker/lisa-li
ABBOTSFORD,VIC,3067,Sam Nott,https://findabroker.mfaa.com.au/broker/sam-nott
ABBOTSFORD,VIC,3067,Nick Gurry,https://findabroker.mfaa.com.au/broker/nicholas-gurry
ABBOTSFORD,VIC,3067,Anna-Maria Pantachos,https://findabroker.mfaa.com.au/broker/anna-maria-pantachos
ABBOTSFORD,VIC,3067,Stephen Hepburn,https://findabroker.mfaa.com.au/broker/stephen-hepburn
ABBOTSFORD,VIC,3067,Angel Zhou,https://findabroker.mfaa.com.au/broker/angel-zhou
ABBOTSFORD,VIC,3067,Belinda Wynn,https://findabroker.mfaa.com.au/broker/belinda-lay-ting-wynn
ABBOTSFORD,VIC,3067,James Spanos,https://findabroker.mfaa.com.au/broker/james-spanos
ABBOTSFORD,VIC,3067,Jake Mold,https://findabroker.mfaa.com.au/broker/jake-mold
ABBOTSFORD,VIC,3067,Adam Chircop,https://findabroker.mfaa.com.au/broker/adam-chircop
ABBOTSFORD,VIC,3067,Kerry Kalendra,https://findabroker.mfaa.com.au/broker/kerry-kalendra
ABBOTSFORD,VIC,3067,Jun Min,https://findabroker.mfaa.com.au/broker/hong-jun-min
ABBOTSFORD,VIC,3067,Brett Jensen,https://findabroker.mfaa.com.au/broker/brett-jensen
ABBOTSFORD,VIC,3067,Jo Van Dort,https://findabroker.mfaa.com.au/broker/joanne-van-dort
ABBOTSFORD,VIC,3067,Tshepo Molefe,https://findabroker.mfaa.com.au/broker/tshepo-molefe
ABBOTSFORD,VIC,3067,Simon Xu,https://findabroker.mfaa.com.au/broker/liang-xu
ABBOTSFORD,VIC,3067,Sheridan Rigby,https://findabroker.mfaa.com.au/broker/sheridan-rigby
ABBOTSFORD,VIC,3067,Daniel Seuren,https://findabroker.mfaa.com.au/broker/daniel-seuren
ABBOTSFORD,VIC,3067,Jenna Lee Bojic,https://findabroker.mfaa.com.au/broker/jenna-bojic
ABBOTSFORD,VIC,3067,Frank Chillura,https://findabroker.mfaa.com.au/broker/frank-chillura
ABBOTSFORD,VIC,3067,Chris Polatsidis,https://findabroker.mfaa.com.au/broker/christos-polatsidis
ABBOTSFORD,VIC,3067,Danielle Polatsidis,https://findabroker.mfaa.com.au/broker/danielle-polatsidis
ABBOTSFORD,VIC,3067,Patrick Kokavec,https://findabroker.mfaa.com.au/broker/patrick-kokavec
ABBOTSFORD,VIC,3067,Mathew Ciavarella,https://findabroker.mfaa.com.au/broker/mathew-ciavarella
ABBOTSFORD,VIC,3067,Matthew Mitchell,https://findabroker.mfaa.com.au/broker/matthew-mitchell
ABBOTSFORD,VIC,3067,Grace Macca-Chiodo,https://findabroker.mfaa.com.au/broker/grace-macca-chiodo
ABBOTSFORD,VIC,3067,Andrew Tushuizen,https://findabroker.mfaa.com.au/broker/andrew-tushuizen
ABBOTSFORD,VIC,3067,Cathy Miles,https://findabroker.mfaa.com.au/broker/catherine-miles
ABBOTSFORD,VIC,3067,Malith Warnakulasooriyage,https://findabroker.mfaa.com.au/broker/malith-warnakulasooriyage
ABBOTSFORD,VIC,3067,Samantha Rock,https://findabroker.mfaa.com.au/broker/samantha-rock
ABBOTSFORD,NSW,2046,David Gonzalez,https://findabroker.mfaa.com.au/broker/david-gonzalez
ABBOTSFORD,NSW,2046,Marie Fasanella,https://findabroker.mfaa.com.au/broker/maria-fasanella
ABBOTSFORD,NSW,2046,Adem Akin,https://findabroker.mfaa.com.au/broker/adem-akin
ABBOTSFORD,NSW,2046,Rachit Nepal,https://findabroker.mfaa.com.au/broker/rachit-nepal
ABBOTSFORD,NSW,2046,Elizabeth Henderson,https://findabroker.mfaa.com.au/broker/elizabeth-henderson
ABBOTSFORD,NSW,2046,Tiffany Chu,https://findabroker.mfaa.com.au/broker/tiffany-i-lam-chu
ABBOTSFORD,NSW,2046,Peter Achelles,https://findabroker.mfaa.com.au/broker/peter-achelles
ABBOTSFORD,NSW,2046,Ashley Tilston,https://findabroker.mfaa.com.au/broker/ashley-tilston
ABBOTSFORD,NSW,2046,Mark Ellis,https://findabroker.mfaa.com.au/broker/mark-ellis-2
ABBOTSFORD,NSW,2046,Lil Harjanto,https://findabroker.mfaa.com.au/broker/liliana-harjanto
ABBOTSFORD,NSW,2046,Edward Burke,https://findabroker.mfaa.com.au/broker/edward-burke
ABBOTSFORD,NSW,2046,Rungao Jin,https://findabroker.mfaa.com.au/broker/rungao-jin
ABBOTSFORD,NSW,2046,Evan Christie,https://findabroker.mfaa.com.au/broker/evan-christie
ABBOTSFORD,NSW,2046,Dennis Mei,https://findabroker.mfaa.com.au/broker/dennis-mei
ABBOTSFORD,NSW,2046,Greg Ge,https://findabroker.mfaa.com.au/broker/rui-ge
ABBOTSFORD,NSW,2046,Haydn Dale,https://findabroker.mfaa.com.au/broker/haydn-dale
ABBOTSFORD,NSW,2046,Buddy Sahyoun,https://findabroker.mfaa.com.au/broker/buddy-sahyoun
ABBOTSFORD,NSW,2046,jae Choi,https://findabroker.mfaa.com.au/broker/jae-choi
ABBOTSFORD,NSW,2046,Anthony Del Baglivo,https://findabroker.mfaa.com.au/broker/anthony-del-baglivo
ABBOTSFORD,NSW,2046,George Agoratsios,https://findabroker.mfaa.com.au/broker/george-agoratsios
ABBOTSFORD,NSW,2046,Myra Acorita Acorita,https://findabroker.mfaa.com.au/broker/myra-acorita
ABBOTSFORD,NSW,2046,James Candrick,https://findabroker.mfaa.com.au/broker/james-candrick
ABBOTSFORD,NSW,2046,Dalip Shahani,https://findabroker.mfaa.com.au/broker/dalip-shahani
ABBOTSFORD,NSW,2046,Mark Stariha,https://findabroker.mfaa.com.au/broker/mark-stariha
ABBOTSFORD,NSW,2046,Mark Chiu,https://findabroker.mfaa.com.au/broker/mark-chiu
ABBOTSFORD,NSW,2046,Alex Pagonis,https://findabroker.mfaa.com.au/broker/alexander-pagonis
ABBOTSFORD,NSW,2046,Sam Panucci,https://findabroker.mfaa.com.au/broker/sam-panucci
ABBOTSFORD,NSW,2046,Natalie Markovic,https://findabroker.mfaa.com.au/broker/natalie-markovic
ABBOTSFORD,NSW,2046,Carol Curtis,https://findabroker.mfaa.com.au/broker/carol-curtis
ABBOTSFORD,NSW,2046,Aaron Alam,https://findabroker.mfaa.com.au/broker/aaron-alam
ABBOTSFORD,NSW,2046,Arthur Edmondston,https://findabroker.mfaa.com.au/broker/arthur-edmondston
ABBOTSFORD,NSW,2046,Paul da Silva,https://findabroker.mfaa.com.au/broker/paul-da-silva
ABBOTSFORD,NSW,2046,Shenglan Ye,https://findabroker.mfaa.com.au/broker/shenglan-ye
ABBOTSFORD,NSW,2046,Johnson Xia,https://findabroker.mfaa.com.au/broker/johnson-xia
ABBOTSFORD,NSW,2046,Andrew Vatovec,https://findabroker.mfaa.com.au/broker/andrew-vatovec
ABBOTSFORD,NSW,2046,Monique Henderson,https://findabroker.mfaa.com.au/broker/monique-henderson
ABBOTSFORD,NSW,2046,Emma McLeod,https://findabroker.mfaa.com.au/broker/emma-mcleod
ABBOTSFORD,NSW,2046,Jamie Presland,https://findabroker.mfaa.com.au/broker/jamie-presland
ABBOTSFORD,NSW,2046,Lawrence Liu,https://findabroker.mfaa.com.au/broker/qi-zong-liu
ABBOTSFORD,NSW,2046,Lisa Maxwell,https://findabroker.mfaa.com.au/broker/lisa-maxwell
ABBOTSFORD,NSW,2046,Mark Kevin,https://findabroker.mfaa.com.au/broker/mark-kevin
ABBOTSFORD,NSW,2046,Michael Jiang,https://findabroker.mfaa.com.au/broker/guanqi-jiang
ABBOTSFORD,NSW,2046,John Song,https://findabroker.mfaa.com.au/broker/chaoyan-song
ABBOTSFORD,NSW,2046,Max McFarlane,https://findabroker.mfaa.com.au/broker/max-mcfarlane
ABBOTSFORD,NSW,2046,Tina Pham,https://findabroker.mfaa.com.au/broker/tina-thu-huyen-pham
ABBOTSFORD,NSW,2046,Tim Werner,https://findabroker.mfaa.com.au/broker/timothy-werner
ABBOTSFORD,NSW,2046,Mark Meekin,https://findabroker.mfaa.com.au/broker/mark-meekin
ABBOTSFORD,NSW,2046,Mark Ellis,https://findabroker.mfaa.com.au/broker/mark-ellis
ABBOTSFORD,NSW,2046,Luke Harris,https://findabroker.mfaa.com.au/broker/luke-harris
ABBOTSFORD,NSW,2046,Jeff Pang,https://findabroker.mfaa.com.au/broker/jeff-pang
ABBOTSFORD,NSW,2046,Stafford Hamilton,https://findabroker.mfaa.com.au/broker/stafford-hamilton
ABBOTSFORD,NSW,2046,George Boustani,https://findabroker.mfaa.com.au/broker/george-boustani-2
ABBOTSFORD,NSW,2046,Joel Reddy,https://findabroker.mfaa.com.au/broker/joel-reddy
ABBOTSFORD,NSW,2046,John Hughes,https://findabroker.mfaa.com.au/broker/john-hughes
ABBOTSFORD,NSW,2046,Luke Mansour,https://findabroker.mfaa.com.au/broker/luke-mansour
ABBOTSFORD,NSW,2046,Brendan Dixon,https://findabroker.mfaa.com.au/broker/brendan-dixon
ABBOTSFORD,NSW,2046,Christopher Galloway,https://findabroker.mfaa.com.au/broker/christopher-galloway
ABBOTSFORD,NSW,2046,Declan Murphy,https://findabroker.mfaa.com.au/broker/declan-murphy
ABBOTSFORD,NSW,2046,Chris Lau,https://findabroker.mfaa.com.au/broker/christopher-lau
ABBOTSFORD,NSW,2046,Matthew Johnson,https://findabroker.mfaa.com.au/broker/matthew-johnson
ABBOTSFORD,NSW,2046,Corey Wild,https://findabroker.mfaa.com.au/broker/corey-wild
ABBOTSFORD,NSW,2046,kristy Alam,https://findabroker.mfaa.com.au/broker/kristy-alam
ABBOTSFORD,NSW,2046,Bishnu Aryal,https://findabroker.mfaa.com.au/broker/bishnu-aryal
ABBOTSFORD,NSW,2046,Kelvin Shang,https://findabroker.mfaa.com.au/broker/defu-shang
ABBOTSFORD,NSW,2046,Vivian Zhang,https://findabroker.mfaa.com.au/broker/ran-zhang
ABBOTSFORD,NSW,2046,John Ganderton,https://findabroker.mfaa.com.au/broker/john-ganderton
ABBOTSFORD,NSW,2046,Alexander Lo,https://findabroker.mfaa.com.au/broker/alexander-lo
ABBOTSFORD,NSW,2046,Adrian Pate,https://findabroker.mfaa.com.au/broker/adrian-pate
ABBOTSFORD,NSW,2046,Desmond Lowe,https://findabroker.mfaa.com.au/broker/desmond-lowe
ABBOTSFORD,NSW,2046,George Louca,https://findabroker.mfaa.com.au/broker/george-louca
ABBOTSFORD,NSW,2046,Jin Young Yoon,https://findabroker.mfaa.com.au/broker/jin-young-yoon
ABBOTSFORD,NSW,2046,Alicia Tan,https://findabroker.mfaa.com.au/broker/alicia-tan
ABBOTSFORD,NSW,2046,David Vizza,https://findabroker.mfaa.com.au/broker/david-vizza
ABBOTSFORD,NSW,2046,Angelo Pirrello,https://findabroker.mfaa.com.au/broker/angelo-pirrello
ABBOTSFORD,NSW,2046,John Amanatidis,https://findabroker.mfaa.com.au/broker/john-amanatidis
ABBOTSFORD,NSW,2046,Rohan Bandaranayake,https://findabroker.mfaa.com.au/broker/rohan-bandaranayake
ABBOTSFORD,NSW,2046,Gunawan Samahita,https://findabroker.mfaa.com.au/broker/gunawan-samahita
ABBOTSFORD,NSW,2046,Sidharth Singhal,https://findabroker.mfaa.com.au/broker/sidharth-singhal
ABBOTSFORD,NSW,2046,Haran Perera,https://findabroker.mfaa.com.au/broker/haran-perera
ABBOTSFORD,NSW,2046,Mike Newman,https://findabroker.mfaa.com.au/broker/michael-newman
ABBOTSFORD,NSW,2046,Arman Soetanto,https://findabroker.mfaa.com.au/broker/arman-soetanto
ABBOTSFORD,NSW,2046,Broderick Knowles,https://findabroker.mfaa.com.au/broker/broderick-knowles
ABBOTSFORD,NSW,2046,Blake Murray,https://findabroker.mfaa.com.au/broker/blake-murray
ABBOTSFORD,NSW,2046,Phill Allen,https://findabroker.mfaa.com.au/broker/phillip-allen
ABBOTSFORD,NSW,2046,Anthony Martin,https://findabroker.mfaa.com.au/broker/anthony-martin
ABBOTSFORD,NSW,2046,Damian Wallace,https://findabroker.mfaa.com.au/broker/damian-wallace
ABBOTSFORD,NSW,2046,Daniel O'Neile,https://findabroker.mfaa.com.au/broker/daniel-oneile
ABBOTSFORD,NSW,2046,Jess Fowler,https://findabroker.mfaa.com.au/broker/jessica-fowler
ABBOTSFORD,NSW,2046,Scott Compton,https://findabroker.mfaa.com.au/broker/scott-compton
ABBOTSFORD,NSW,2046,Dimas Andriyanto,https://findabroker.mfaa.com.au/broker/dimas-andriyanto
ABBOTSFORD,NSW,2046,Jacob Dolores,https://findabroker.mfaa.com.au/broker/jacob-dolores
ABBOTSFORD,NSW,2046,Natalie Stojanovska,https://findabroker.mfaa.com.au/broker/natalie-stojanovska
ABBOTSFORD,NSW,2046,Mark Daniels,https://findabroker.mfaa.com.au/broker/mark-daniels
ABBOTSFORD,NSW,2046,Chris Bates,https://findabroker.mfaa.com.au/broker/christopher-bates
ABBOTSFORD,NSW,2046,Danny Masri,https://findabroker.mfaa.com.au/broker/danny-masri
ABBOTSFORD,NSW,2046,Jason Nelson,https://findabroker.mfaa.com.au/broker/jason-nelson-2
ABBOTSFORD,NSW,2046,Yinghan Yang,https://findabroker.mfaa.com.au/broker/yinghan-yang
ABBOTSFORD,NSW,2046,Khorshid Jahan,https://findabroker.mfaa.com.au/broker/khorshid-jahan
ABBOTSFORD,NSW,2046,Craig Reichman,https://findabroker.mfaa.com.au/broker/craig-reichman
ABBOTSFORD,NSW,2046,Josh Foo,https://findabroker.mfaa.com.au/broker/josh-foo
ABBOTSFORD,NSW,2046,Mark Hardwick,https://findabroker.mfaa.com.au/broker/mark-hardwick
ABELS BAY,TAS,7112,Glen Paap,https://findabroker.mfaa.com.au/broker/glen-paap
ABELS BAY,TAS,7112,Arun Dhan Raj,https://findabroker.mfaa.com.au/broker/arun-raj-dhan-raj
ABELS BAY,TAS,7112,Michael Jemmott,https://findabroker.mfaa.com.au/broker/michael-jemmott
ABELS BAY,TAS,7112,Rocky Hoffman,https://findabroker.mfaa.com.au/broker/rocky-hoffman
ABELS BAY,TAS,7112,Will Rademeyer,https://findabroker.mfaa.com.au/broker/will-rademeyer
ABELS BAY,TAS,7112,Jim Demetriou,https://findabroker.mfaa.com.au/broker/jim-demetriou
ABELS BAY,TAS,7112,Anh Le,https://findabroker.mfaa.com.au/broker/phuong-anh-le
ABELS BAY,TAS,7112,Matthew Young,https://findabroker.mfaa.com.au/broker/matthew-young-2
ABELS BAY,TAS,7112,David Playfair,https://findabroker.mfaa.com.au/broker/david-playfair
ABELS BAY,TAS,7112,James Stratiou,https://findabroker.mfaa.com.au/broker/james-stratiou
ABELS BAY,TAS,7112,Mandeep Singh Saini,https://findabroker.mfaa.com.au/broker/mandeep-singh-saini
ABELS BAY,TAS,7112,Ben Harris,https://findabroker.mfaa.com.au/broker/benjamin-harris
ABELS BAY,TAS,7112,Ben Eick,https://findabroker.mfaa.com.au/broker/benjamin-eick
ABELS BAY,TAS,7112,David Goodwin,https://findabroker.mfaa.com.au/broker/david-goodwin
ABELS BAY,TAS,7112,Mark Attard,https://findabroker.mfaa.com.au/broker/mark-attard
ABELS BAY,TAS,7112,Kirsty Thompson,https://findabroker.mfaa.com.au/broker/kirsty-thompson
ABELS BAY,TAS,7112,Joel Pusic,https://findabroker.mfaa.com.au/broker/joel-pusic
ABELS BAY,TAS,7112,Alicia Watkins,https://findabroker.mfaa.com.au/broker/alicia-watkins
ABELS BAY,TAS,7112,Andrew Shingleton,https://findabroker.mfaa.com.au/broker/andrew-shingleton
ABELS BAY,TAS,7112,Brian Worley,https://findabroker.mfaa.com.au/broker/brian-worley
ABELS BAY,TAS,7112,Alana Joynes,https://findabroker.mfaa.com.au/broker/alana-joynes
ABELS BAY,TAS,7112,Brendan Barker,https://findabroker.mfaa.com.au/broker/brendan-barker
ABELS BAY,TAS,7112,Lawrence Morandin,https://findabroker.mfaa.com.au/broker/lawrence-morandin
ABELS BAY,TAS,7112,Sheney Sun,https://findabroker.mfaa.com.au/broker/shenay-yue-sun
ABELS BAY,TAS,7112,Evie Anastasiou,https://findabroker.mfaa.com.au/broker/evie-anastasiou
ABELS BAY,TAS,7112,Hui Li,https://findabroker.mfaa.com.au/broker/hui-li-2
ABELS BAY,TAS,7112,Melissa Page,https://findabroker.mfaa.com.au/broker/melissa-page
ABELS BAY,TAS,7112,Brooke Judge,https://findabroker.mfaa.com.au/broker/brooke-judge
ABELS BAY,TAS,7112,Riken Shrestha,https://findabroker.mfaa.com.au/broker/riken-shrestha
ABELS BAY,TAS,7112,Karon Handy,https://findabroker.mfaa.com.au/broker/karon-handy
ABELS BAY,TAS,7112,Munish Puri,https://findabroker.mfaa.com.au/broker/munish-puri
ABELS BAY,TAS,7112,David Clarke,https://findabroker.mfaa.com.au/broker/david-clarke
ABELS BAY,TAS,7112,Jesse Shah,https://findabroker.mfaa.com.au/broker/jessal-shah
ABELS BAY,TAS,7112,Chris Pearse,https://findabroker.mfaa.com.au/broker/christopher-pearse
ABELS BAY,TAS,7112,Lee Haines,https://findabroker.mfaa.com.au/broker/lee-haines
ABELS BAY,TAS,7112,Craig Fewster,https://findabroker.mfaa.com.au/broker/craig-fewster
ABELS BAY,TAS,7112,Martin Ireland,https://findabroker.mfaa.com.au/broker/martin-ireland
ABELS BAY,TAS,7112,Ayushi Ray,https://findabroker.mfaa.com.au/broker/ayushi-jaydeep-ray
ABELS BAY,TAS,7112,Jonmarco Sanchez,https://findabroker.mfaa.com.au/broker/jonmarco-sanchez
ABELS BAY,TAS,7112,Janet Li,https://findabroker.mfaa.com.au/broker/jin-li-2
ABELS BAY,TAS,7112,Brad Calf,https://findabroker.mfaa.com.au/broker/bradley-calf
ABELS BAY,TAS,7112,Annabelle Zhou,https://findabroker.mfaa.com.au/broker/qiongying-zhou
ABELS BAY,TAS,7112,Kamal Kande,https://findabroker.mfaa.com.au/broker/kamalakar-kande
ABELS BAY,TAS,7112,Claire Wang,https://findabroker.mfaa.com.au/broker/qiaosha-wang
ABELS BAY,TAS,7112,Maddy Dyer,https://findabroker.mfaa.com.au/broker/madeleine-dyer
ABELS BAY,TAS,7112,Luke Redman,https://findabroker.mfaa.com.au/broker/luke-redman
ABELS BAY,TAS,7112,Alka Madhar,https://findabroker.mfaa.com.au/broker/alka-madhar
ABELS BAY,TAS,7112,Rebecca Jones,https://findabroker.mfaa.com.au/broker/rebecca-jones
ABELS BAY,TAS,7112,Colin McGowan,https://findabroker.mfaa.com.au/broker/colin-mcgowan
ABELS BAY,TAS,7112,Mathew Davis,https://findabroker.mfaa.com.au/broker/mathew-davis
ABELS BAY,TAS,7112,Brian Taylor,https://findabroker.mfaa.com.au/broker/brian-taylor
ABELS BAY,TAS,7112,Peter Kitchingman,https://findabroker.mfaa.com.au/broker/peter-kitchingman
ABELS BAY,TAS,7112,Jarree Charles,https://findabroker.mfaa.com.au/broker/jarred-charles
ABELS BAY,TAS,7112,Clay Bland,https://findabroker.mfaa.com.au/broker/clay-bland
ABELS BAY,TAS,7112,Aaron Nguyen,https://findabroker.mfaa.com.au/broker/aaron-nguyen
ABELS BAY,TAS,7112,Gavin Rushack,https://findabroker.mfaa.com.au/broker/gavin-rushack
ABELS BAY,TAS,7112,Helen Moore,https://findabroker.mfaa.com.au/broker/helen-moore
ABELS BAY,TAS,7112,Lana Moy,https://findabroker.mfaa.com.au/broker/lana-moy
ABELS BAY,TAS,7112,Cameron Martin,https://findabroker.mfaa.com.au/broker/cameron-martin
ABELS BAY,TAS,7112,Robin Rodwell,https://findabroker.mfaa.com.au/broker/robin-rodwell
ABELS BAY,TAS,7112,Chris Smith,https://findabroker.mfaa.com.au/broker/christopher-smith-4
ABELS BAY,TAS,7112,Jason Platt,https://findabroker.mfaa.com.au/broker/jason-platt
ABELS BAY,TAS,7112,Simon Pak Poy,https://findabroker.mfaa.com.au/broker/simon-pak-poy
ABELS BAY,TAS,7112,Richard Windeyer,https://findabroker.mfaa.com.au/broker/richard-windeyer
ABELS BAY,TAS,7112,Antonio Eftimovski,https://findabroker.mfaa.com.au/broker/antonio-eftimovski
ABELS BAY,TAS,7112,Mark Ferris,https://findabroker.mfaa.com.au/broker/mark-ferris
ABELS BAY,TAS,7112,Michael Clark,https://findabroker.mfaa.com.au/broker/michael-clark
ABELS BAY,TAS,7112,Daniel Griffiths,https://findabroker.mfaa.com.au/broker/daniel-griffiths
ABELS BAY,TAS,7112,Bushy Martin,https://findabroker.mfaa.com.au/broker/john-bushy-martin
ABELS BAY,TAS,7112,Lenny Briffa,https://findabroker.mfaa.com.au/broker/leonard-briffa
ABELS BAY,TAS,7112,Jason Tran,https://findabroker.mfaa.com.au/broker/jason-tran
ABELS BAY,TAS,7112,Chris Secomb,https://findabroker.mfaa.com.au/broker/chris-secomb
ABELS BAY,TAS,7112,Corey Parsons,https://findabroker.mfaa.com.au/broker/corey-parsons
ABELS BAY,TAS,7112,Ed Bosisto,https://findabroker.mfaa.com.au/broker/edward-bosisto
ABELS BAY,TAS,7112,Nic Jarvisto Jarvisto,https://findabroker.mfaa.com.au/broker/nicolas-jarvisto
ABELS BAY,TAS,7112,Douglas Humphrey,https://findabroker.mfaa.com.au/broker/douglas-humphrey
ABELS BAY,TAS,7112,Gregory McCann,https://findabroker.mfaa.com.au/broker/gregory-mccann
ABELS BAY,TAS,7112,Phil Nicholls,https://findabroker.mfaa.com.au/broker/phillip-nicholls
ABELS BAY,TAS,7112,David Layhe,https://findabroker.mfaa.com.au/broker/david-layhe
ABELS BAY,TAS,7112,Saurav Srivastav,https://findabroker.mfaa.com.au/broker/saurav-srivastav
ABELS BAY,TAS,7112,Ajaya Poudel,https://findabroker.mfaa.com.au/broker/ajaya-poudel
ABELS BAY,TAS,7112,Craig McDonald,https://findabroker.mfaa.com.au/broker/craig-mcdonald
ABELS BAY,TAS,7112,Carlie McDonald,https://findabroker.mfaa.com.au/broker/carlie-mcdonald
ABELS BAY,TAS,7112,Jacob Decru,https://findabroker.mfaa.com.au/broker/jacob-decru
ABELS BAY,TAS,7112,Taya Dyson,https://findabroker.mfaa.com.au/broker/taya-dyson
ABELS BAY,TAS,7112,Lisa Wilson,https://findabroker.mfaa.com.au/broker/lisa-wilson
ABELS BAY,TAS,7112,Alisha Stoddart,https://findabroker.mfaa.com.au/broker/alisha-stoddart
ABELS BAY,TAS,7112,Katrina McGrath,https://findabroker.mfaa.com.au/broker/katrina-mcgrath
ABELS BAY,TAS,7112,Harry Georges,https://findabroker.mfaa.com.au/broker/harry-georges
ABELS BAY,TAS,7112,Latoyah Rolls,https://findabroker.mfaa.com.au/broker/latoyah-rolls
ABELS BAY,TAS,7112,Haniyhe Malekdoost,https://findabroker.mfaa.com.au/broker/haniyhe-malekdoost
ABELS BAY,TAS,7112,Philip Edwards,https://findabroker.mfaa.com.au/broker/philip-edwards
ABELS BAY,TAS,7112,Harrison Stueve,https://findabroker.mfaa.com.au/broker/harrison-stueve
ABELS BAY,TAS,7112,Brian Cornell,https://findabroker.mfaa.com.au/broker/brian-cornell
ABELS BAY,TAS,7112,Steph D'Arcy,https://findabroker.mfaa.com.au/broker/stephanie-darcy
ABELS BAY,TAS,7112,Mike Lam,https://findabroker.mfaa.com.au/broker/michael-lam
ABELS BAY,TAS,7112,James Lambrianidis,https://findabroker.mfaa.com.au/broker/james-lambrianidis
ABELS BAY,TAS,7112,Matthew Pow,https://findabroker.mfaa.com.au/broker/matthew-pow
ABBOTSHAM,TAS,7315,Bailey Jones,https://findabroker.mfaa.com.au/broker/bailey-jones
ABBOTSHAM,TAS,7315,Damien Cooper,https://findabroker.mfaa.com.au/broker/damien-cooper
ABBOTSHAM,TAS,7315,Preet Grover,https://findabroker.mfaa.com.au/broker/gurpreet-kaur-grover
ABBOTSHAM,TAS,7315,Allan Fisher,https://findabroker.mfaa.com.au/broker/allan-fisher
ABBOTSHAM,TAS,7315,Ben Hazell,https://findabroker.mfaa.com.au/broker/ben-hazell
ABBOTSHAM,TAS,7315,David Ray,https://findabroker.mfaa.com.au/broker/david-ray
ABBOTSHAM,TAS,7315,David Siedlaczek,https://findabroker.mfaa.com.au/broker/david-siedlaczek
ABBOTSHAM,TAS,7315,Michael Garland,https://findabroker.mfaa.com.au/broker/michael-garland
ABBOTSHAM,TAS,7315,Bryce Blaker,https://findabroker.mfaa.com.au/broker/bryce-blaker
ABBOTSHAM,TAS,7315,Darren Longmuir,https://findabroker.mfaa.com.au/broker/darren-longmuir
ABBOTSHAM,TAS,7315,Luke Robinson,https://findabroker.mfaa.com.au/broker/luke-robinson
ABBOTSHAM,TAS,7315,Joe Cannizzaro,https://findabroker.mfaa.com.au/broker/joe-cannizzaro
ABBOTSHAM,TAS,7315,Arjun Brar,https://findabroker.mfaa.com.au/broker/arjun-brar
ABBOTSHAM,TAS,7315,Adrian Ploksts,https://findabroker.mfaa.com.au/broker/adrian-ploksts
ABBOTSHAM,TAS,7315,David Maffei,https://findabroker.mfaa.com.au/broker/david-maffei
ABBOTSHAM,TAS,7315,Ahmad Raza,https://findabroker.mfaa.com.au/broker/ahmad-raza
ABBOTSHAM,TAS,7315,Deniz Aydin,https://findabroker.mfaa.com.au/broker/deniz-aydin
ABBOTSHAM,TAS,7315,Kevin Yonatan,https://findabroker.mfaa.com.au/broker/kevin-yonatan
ABBOTSHAM,TAS,7315,Megan Bakon,https://findabroker.mfaa.com.au/broker/megan-bakon
ABBOTSHAM,TAS,7315,Melissa Mann,https://findabroker.mfaa.com.au/broker/melissa-mann
ABBOTSHAM,TAS,7315,Abby Casey,https://findabroker.mfaa.com.au/broker/abby-casey
ABBOTSHAM,TAS,7315,Mitchell Huebner,https://findabroker.mfaa.com.au/broker/mitchell-huebner
ABBOTSHAM,TAS,7315,David Trute,https://findabroker.mfaa.com.au/broker/anthony-trute
ABBOTSHAM,TAS,7315,Katie Kahler,https://findabroker.mfaa.com.au/broker/katie-kahler
ABBOTSHAM,TAS,7315,Kym Bowker,https://findabroker.mfaa.com.au/broker/kym-bowker
ABBOTSHAM,TAS,7315,Danny Walsh,https://findabroker.mfaa.com.au/broker/daniel-walsh
ABBOTSHAM,TAS,7315,David Sheppard,https://findabroker.mfaa.com.au/broker/david-sheppard
ABBOTSHAM,TAS,7315,Evan Mortimer,https://findabroker.mfaa.com.au/broker/evan-mortimer
ABBOTSHAM,TAS,7315,Gary Woodford,https://findabroker.mfaa.com.au/broker/gary-woodford
ABBOTSHAM,TAS,7315,Martin Reidy,https://findabroker.mfaa.com.au/broker/martin-reidy
ABBOTSHAM,TAS,7315,Michelle Gallimore,https://findabroker.mfaa.com.au/broker/michelle-gallimore
ABBOTSHAM,TAS,7315,Matt Arnett,https://findabroker.mfaa.com.au/broker/matthew-arnett
ABBOTSHAM,TAS,7315,Dougal Williams,https://findabroker.mfaa.com.au/broker/dougal-williams
ABBOTSHAM,TAS,7315,Lachlan Scadden-McHugh,https://findabroker.mfaa.com.au/broker/lachlan-scadden-mchugh
ABBOTSHAM,TAS,7315,Matt Gawthrop,https://findabroker.mfaa.com.au/broker/matt-gawthrop
ABBOTSHAM,TAS,7315,James Bolte,https://findabroker.mfaa.com.au/broker/james-bolte
ABBOTSHAM,TAS,7315,Chris Abrahams,https://findabroker.mfaa.com.au/broker/christopher-abrahams
ABBOTSHAM,TAS,7315,Jenny Pocklington,https://findabroker.mfaa.com.au/broker/jennifer-pocklington
ABBOTSHAM,TAS,7315,Antony Muir,https://findabroker.mfaa.com.au/broker/anthony-muir
ABBOTSHAM,TAS,7315,Jarrod Ryder,https://findabroker.mfaa.com.au/broker/jarrod-ryder
ABBOTSHAM,TAS,7315,Damian Power,https://findabroker.mfaa.com.au/broker/damian-power
ABBOTSHAM,TAS,7315,Damian Richmond,https://findabroker.mfaa.com.au/broker/damian-richmond
ABBOTSHAM,TAS,7315,Barry Malhan,https://findabroker.mfaa.com.au/broker/barinder-malhan
ABBOTSHAM,TAS,7315,Greg Hart,https://findabroker.mfaa.com.au/broker/gregory-hart
ABBOTSHAM,TAS,7315,Jose Lainez-Sanchez,https://findabroker.mfaa.com.au/broker/jose-lainez-sanchez
ABBOTSHAM,TAS,7315,Liam Pahl,https://findabroker.mfaa.com.au/broker/liam-pahl
ABBOTSHAM,TAS,7315,Bina Ring,https://findabroker.mfaa.com.au/broker/bina-ring
ABBOTSHAM,TAS,7315,Justin Dickinson,https://findabroker.mfaa.com.au/broker/justin-dickinson
ABBOTSHAM,TAS,7315,Kristi Bailie,https://findabroker.mfaa.com.au/broker/kristi-bailie
ABBOTSHAM,TAS,7315,Daxa Mistry,https://findabroker.mfaa.com.au/broker/daxaben-mistry
ABBOTSHAM,TAS,7315,Kalum Bound,https://findabroker.mfaa.com.au/broker/kalum-bound
ABBOTSHAM,TAS,7315,Lily Peng,https://findabroker.mfaa.com.au/broker/bin-peng
ABBOTSHAM,TAS,7315,Chris Lamb,https://findabroker.mfaa.com.au/broker/christopher-lamb
ABBOTSHAM,TAS,7315,Matthew Beesley,https://findabroker.mfaa.com.au/broker/matthew-beesley
ABBOTSHAM,TAS,7315,Melvin Chacko,https://findabroker.mfaa.com.au/broker/melvin-chacko
ABBOTSHAM,TAS,7315,Alan Casey,https://findabroker.mfaa.com.au/broker/alan-casey
ABBOTSHAM,TAS,7315,Matthew Oliver,https://findabroker.mfaa.com.au/broker/matthew-oliver
ABBOTSHAM,TAS,7315,Jacob Keenan,https://findabroker.mfaa.com.au/broker/jacob-keenan
ABBOTSHAM,TAS,7315,George Rouchdi,https://findabroker.mfaa.com.au/broker/george-rouchdi
ABBOTSHAM,TAS,7315,Michael Saliba,https://findabroker.mfaa.com.au/broker/michael-saliba
ABBOTSHAM,TAS,7315,Mike Baldini,https://findabroker.mfaa.com.au/broker/michael-baldini
ABBOTSHAM,TAS,7315,Donna Borg,https://findabroker.mfaa.com.au/broker/donna-borg
ABBOTSHAM,TAS,7315,Bryan Ong,https://findabroker.mfaa.com.au/broker/bryan-ong
ABBOTSHAM,TAS,7315,Brett Young,https://findabroker.mfaa.com.au/broker/brett-young
ABBOTSHAM,TAS,7315,Daniel Wang,https://findabroker.mfaa.com.au/broker/daniel-wang
ABBOTSHAM,TAS,7315,Kristy Hooper,https://findabroker.mfaa.com.au/broker/kristy-hooper
ABBOTSHAM,TAS,7315,Ashley Crowther,https://findabroker.mfaa.com.au/broker/ashley-crowther
ABBOTSHAM,TAS,7315,Joel Reid,https://findabroker.mfaa.com.au/broker/joel-reid
ABERDARE,NSW,2325,Ricky Ikin,https://findabroker.mfaa.com.au/broker/rhiannon-ikin
ABERDARE,NSW,2325,Julie Chengo,https://findabroker.mfaa.com.au/broker/julie-chengo
ABERDARE,NSW,2325,Matt Thorpe,https://findabroker.mfaa.com.au/broker/matthew-thorpe
ABERDARE,NSW,2325,Malcolm John,https://findabroker.mfaa.com.au/broker/malcolm-john
ABERDARE,NSW,2325,Abe Samuel,https://findabroker.mfaa.com.au/broker/abe-samuel
ABERDARE,NSW,2325,Dean English,https://findabroker.mfaa.com.au/broker/dean-english
ABERDARE,NSW,2325,David Phelan,https://findabroker.mfaa.com.au/broker/david-phelan
ABERDARE,NSW,2325,Nancy Dai,https://findabroker.mfaa.com.au/broker/li-dai
ABERDARE,NSW,2325,Juergen Hoffmueller,https://findabroker.mfaa.com.au/broker/juergen-hoffmueller
ABERDARE,NSW,2325,Osama Mukhtar,https://findabroker.mfaa.com.au/broker/muhammad-osama-mukhtar
ABERDARE,NSW,2325,Mark Ashdown,https://findabroker.mfaa.com.au/broker/mark-ashdown
ABERDARE,NSW,2325,Michael Walkden,https://findabroker.mfaa.com.au/broker/michael-walkden
ABERDARE,NSW,2325,Chris Keating,https://findabroker.mfaa.com.au/broker/christopher-keating
ABERDARE,NSW,2325,Matt Davy,https://findabroker.mfaa.com.au/broker/matthew-davy
ABERDARE,NSW,2325,Krishan Bhanot,https://findabroker.mfaa.com.au/broker/krishan-bhanot
ABERDARE,NSW,2325,Dilli Bhandari,https://findabroker.mfaa.com.au/broker/dilli-bhandari
ABERDARE,NSW,2325,Rowan Gladman,https://findabroker.mfaa.com.au/broker/rowan-gladman
ABERDARE,NSW,2325,James Tickner,https://findabroker.mfaa.com.au/broker/james-tickner
ABERDARE,NSW,2325,Kristen Pavez,https://findabroker.mfaa.com.au/broker/kristen-pavez
ABERDARE,NSW,2325,Yiannis Dimopoulos,https://findabroker.mfaa.com.au/broker/ioannis-dimopoulos
ABERDARE,NSW,2325,Xavier Cisternino,https://findabroker.mfaa.com.au/broker/antonio-cisternino
ABERDARE,NSW,2325,Gordana Dakic,https://findabroker.mfaa.com.au/broker/gordana-dakic
ABERDARE,NSW,2325,Matt Curle,https://findabroker.mfaa.com.au/broker/matthew-curle
ABERDARE,NSW,2325,Mark Puterflam,https://findabroker.mfaa.com.au/broker/mark-puterflam
ABERDARE,NSW,2325,Sharon Clarkson,https://findabroker.mfaa.com.au/broker/sharon-clarkson
ABERDARE,NSW,2325,Roshan Bhattarai,https://findabroker.mfaa.com.au/broker/roshan-bhattarai
ABERDARE,NSW,2325,Alison Stone,https://findabroker.mfaa.com.au/broker/alison-stone
ABERDARE,NSW,2325,Christopher Ninyett,https://findabroker.mfaa.com.au/broker/christopher-ninyett
ABERDARE,NSW,2325,Aman Gill Gill,https://findabroker.mfaa.com.au/broker/amandeep-gill
ABERDARE,NSW,2325,Ayla Dunn,https://findabroker.mfaa.com.au/broker/ayla-dunn
ABERDARE,NSW,2325,David Bambury,https://findabroker.mfaa.com.au/broker/david-bambury
ABERDARE,NSW,2325,Bernadette Gravina,https://findabroker.mfaa.com.au/broker/bernadette-gravina
ABERDARE,NSW,2325,Leonie LeCras,https://findabroker.mfaa.com.au/broker/leonie-lecras
ABERDARE,NSW,2325,Luke Gardiner,https://findabroker.mfaa.com.au/broker/luke-gardiner
ABERDARE,NSW,2325,Matthew Rose,https://findabroker.mfaa.com.au/broker/matthew-rose
ABERDARE,NSW,2325,Lucy Monastra,https://findabroker.mfaa.com.au/broker/lucia-monastra
ABERDARE,NSW,2325,Mariya Gojan,https://findabroker.mfaa.com.au/broker/mariya-gojan
ABERDARE,NSW,2325,Brendan Trummel,https://findabroker.mfaa.com.au/broker/brendan-trummel
ABERDARE,NSW,2325,Luke Brown,https://findabroker.mfaa.com.au/broker/peter-luke-brown
ABERDARE,NSW,2325,Donna Zammit,https://findabroker.mfaa.com.au/broker/donna-zammit
ABERDARE,NSW,2325,Iain Archibald,https://findabroker.mfaa.com.au/broker/iain-archibald
ABERDARE,NSW,2325,Maddie Walton,https://findabroker.mfaa.com.au/broker/maddison-walton
ABERDARE,NSW,2325,Jessica Field,https://findabroker.mfaa.com.au/broker/jessica-field
ABERDARE,NSW,2325,Kane Hansen,https://findabroker.mfaa.com.au/broker/kane-hansen
ABERDARE,NSW,2325,Jordon Sarraf,https://findabroker.mfaa.com.au/broker/jordon-sarraf
ABERDARE,NSW,2325,Harpreet Kaur,https://findabroker.mfaa.com.au/broker/harpreet-kaur
ABERDARE,NSW,2325,Hilary Daniel,https://findabroker.mfaa.com.au/broker/hilary-daniel
ABERDARE,NSW,2325,Brodie Callanan,https://findabroker.mfaa.com.au/broker/brodie-callanan
ABERDARE,NSW,2325,Michael Howard,https://findabroker.mfaa.com.au/broker/michael-howard
ABERDARE,NSW,2325,Cameron Knapp,https://findabroker.mfaa.com.au/broker/cameron-knapp
ABERDARE,NSW,2325,Craig Saalmann,https://findabroker.mfaa.com.au/broker/craig-saalmann
ABERDARE,NSW,2325,Harry Pham,https://findabroker.mfaa.com.au/broker/huy-quang-pham
ABERDARE,NSW,2325,May Loke,https://findabroker.mfaa.com.au/broker/may-ling-loke
ABERDARE,NSW,2325,Kylie Damora,https://findabroker.mfaa.com.au/broker/kylie-damora
ABERDARE,NSW,2325,Simon Orbell,https://findabroker.mfaa.com.au/broker/simon-orbell
ABERDARE,NSW,2325,Scott Bament,https://findabroker.mfaa.com.au/broker/scott-bament
ABERDARE,NSW,2325,Anton Zaidan,https://findabroker.mfaa.com.au/broker/anton-zaidan
ABERDARE,NSW,2325,Diego Carrasco,https://findabroker.mfaa.com.au/broker/diego-carrasco
ABERDARE,NSW,2325,Malynda Waddingham,https://findabroker.mfaa.com.au/broker/malynda-waddingham
ABERDARE,NSW,2325,Kat Marsalek,https://findabroker.mfaa.com.au/broker/kathleen-marsalek
ABERDARE,NSW,2325,Mark Ibrahim,https://findabroker.mfaa.com.au/broker/mark-ibrahim
ABERDARE,NSW,2325,Leon Vilayrack,https://findabroker.mfaa.com.au/broker/leon-vilayrack
ABERDARE,NSW,2325,Jarrod Sanderson,https://findabroker.mfaa.com.au/broker/jarrod-sanderson
ABERDARE,NSW,2325,Ashley Eames,https://findabroker.mfaa.com.au/broker/ashley-eames
ABERDARE,NSW,2325,Blake Sutterby,https://findabroker.mfaa.com.au/broker/blake-sutterby
ABERDARE,NSW,2325,Kayla Smith,https://findabroker.mfaa.com.au/broker/kayla-smith
ABERDARE,NSW,2325,Anthony Igri,https://findabroker.mfaa.com.au/broker/anthony-igri
ABERDARE,NSW,2325,Marco Lostumbo,https://findabroker.mfaa.com.au/broker/marco-lostumbo
ABERDARE,NSW,2325,Luke Sullivan,https://findabroker.mfaa.com.au/broker/luke-sullivan
ABERDARE,NSW,2325,Imran Khan,https://findabroker.mfaa.com.au/broker/imran-khan
ABERDARE,NSW,2325,Esther Liu,https://findabroker.mfaa.com.au/broker/li-liu
ABERDARE,NSW,2325,Greg Hitchcock,https://findabroker.mfaa.com.au/broker/gregory-hitchcock
ABERDARE,NSW,2325,Joseph Vo,https://findabroker.mfaa.com.au/broker/joseph-vo
ABERDARE,NSW,2325,Lisa Venn,https://findabroker.mfaa.com.au/broker/lisa-venn
ABERDARE,NSW,2325,Ashan Gunathilake,https://findabroker.mfaa.com.au/broker/ashan-gunathilake
ABERDARE,NSW,2325,Nathan Saunders,https://findabroker.mfaa.com.au/broker/nathan-saunders
ABERDARE,NSW,2325,Russell Bradbury,https://findabroker.mfaa.com.au/broker/russell-bradbury
ABERDARE,NSW,2325,Leonie Walz,https://findabroker.mfaa.com.au/broker/leonie-walz
ABERDARE,NSW,2325,Camilla Bowhill,https://findabroker.mfaa.com.au/broker/camilla-bowhill
ABERDARE,NSW,2325,Andy Manuel,https://findabroker.mfaa.com.au/broker/andrew-manuel
ABERDARE,NSW,2325,Ted Hall,https://findabroker.mfaa.com.au/broker/edward-hall
ABERDARE,NSW,2325,Jas Clarke,https://findabroker.mfaa.com.au/broker/jaslyn-clarke
ABERDARE,NSW,2325,Aditya Bartake,https://findabroker.mfaa.com.au/broker/aditya-bartake
ABERDARE,NSW,2325,Darshana Peiris Suriyapperuma,https://findabroker.mfaa.com.au/broker/darshana-peiris-suriyapperuma
ABERDARE,NSW,2325,Chunna Chhetri,https://findabroker.mfaa.com.au/broker/chunna-bahadur-chhetri
ABERDARE,NSW,2325,Jason Antico,https://findabroker.mfaa.com.au/broker/jason-antico
ABERDARE,NSW,2325,Chris Neville,https://findabroker.mfaa.com.au/broker/christopher-neville
ABERFELDIE,VIC,3040,Carol Croce,https://findabroker.mfaa.com.au/broker/caroline-croce
ABERFELDIE,VIC,3040,Marc Ventura,https://findabroker.mfaa.com.au/broker/marc-ventura
ABERFELDIE,VIC,3040,Chantal Cutter,https://findabroker.mfaa.com.au/broker/chantal-cutter
ABERFELDIE,VIC,3040,Debbie Atkins,https://findabroker.mfaa.com.au/broker/debbie-atkins
ABERFELDIE,VIC,3040,Greg Wood,https://findabroker.mfaa.com.au/broker/gregory-wood
ABERFELDIE,VIC,3040,Laze Spasevski,https://findabroker.mfaa.com.au/broker/laze-spasevski
ABERFELDIE,VIC,3040,Michael Bloomfield,https://findabroker.mfaa.com.au/broker/michael-bloomfield
ABERFELDIE,VIC,3040,Kon Karamitsos,https://findabroker.mfaa.com.au/broker/kon-karamitsos
ABERFELDIE,VIC,3040,Julian Horbury,https://findabroker.mfaa.com.au/broker/julian-horbury
ABERFELDIE,VIC,3040,Nicole Howe,https://findabroker.mfaa.com.au/broker/nicole-howe
ABERFELDIE,VIC,3040,Abdullah Rubel,https://findabroker.mfaa.com.au/broker/abdullah-rubel
ABERFELDIE,VIC,3040,Rebecca Gionfriddo,https://findabroker.mfaa.com.au/broker/rebecca-gionfriddo
ABERFELDIE,VIC,3040,Ben Crichton,https://findabroker.mfaa.com.au/broker/benjamin-crichton
ABERFELDIE,VIC,3040,Lorance Daniel,https://findabroker.mfaa.com.au/broker/lorance-daniel
ABERFELDIE,VIC,3040,Rocky Trimboli,https://findabroker.mfaa.com.au/broker/rocky-trimboli
ABERFELDIE,VIC,3040,Dan Namonyo,https://findabroker.mfaa.com.au/broker/daniel-namonyo
ABERFELDIE,VIC,3040,Calvin Truong,https://findabroker.mfaa.com.au/broker/calvin-truong
ABERFELDIE,VIC,3040,Brent Gardiner,https://findabroker.mfaa.com.au/broker/brent-gardiner
ABERFELDIE,VIC,3040,Zibya Jhingoor,https://findabroker.mfaa.com.au/broker/bibi-zibya-jhingoor
ABERFELDIE,VIC,3040,David Saulsman,https://findabroker.mfaa.com.au/broker/david-saulsman
ABERFELDIE,VIC,3040,Ibrahim Durur,https://findabroker.mfaa.com.au/broker/ibrahim-durur
ABERFELDIE,VIC,3040,Lucas Elliott,https://findabroker.mfaa.com.au/broker/lucas-elliott
ABERFELDIE,VIC,3040,Cameron McDonald,https://findabroker.mfaa.com.au/broker/cameron-mcdonald
ABERFELDIE,VIC,3040,George Bakowski,https://findabroker.mfaa.com.au/broker/george-bakowski
ABERFELDIE,VIC,3040,David Zhao,https://findabroker.mfaa.com.au/broker/david-zhao
ABERFELDIE,VIC,3040,Helen Papageorgiou,https://findabroker.mfaa.com.au/broker/helen-papageorgiou
ABERFELDIE,VIC,3040,Douglas Chiganze,https://findabroker.mfaa.com.au/broker/douglas-chiganze
ABERFELDIE,VIC,3040,Amanda EL-Fahel,https://findabroker.mfaa.com.au/broker/amanda-el-fahel
ABERFELDIE,VIC,3040,Nandini Varma,https://findabroker.mfaa.com.au/broker/nandini-varma
ABERFELDIE,VIC,3040,Nicole Guise,https://findabroker.mfaa.com.au/broker/nicole-guise
ABERFELDIE,VIC,3040,Michael De George,https://findabroker.mfaa.com.au/broker/michael-de-george
ABERFELDIE,VIC,3040,Bec Allan,https://findabroker.mfaa.com.au/broker/rebecca-allan
ABERFELDIE,VIC,3040,Naz Besavend,https://findabroker.mfaa.com.au/broker/nouzi-besavend
ABERFELDIE,VIC,3040,Anthony Lock,https://findabroker.mfaa.com.au/broker/anthony-lock
ABERFELDIE,VIC,3040,Rachel Cheng,https://findabroker.mfaa.com.au/broker/hiu-ching-rachel-cheng
ABERFELDIE,VIC,3040,Jovan Maksimovic,https://findabroker.mfaa.com.au/broker/jovan-maksimovic
ABERFELDIE,VIC,3040,Toby Edmunds,https://findabroker.mfaa.com.au/broker/toby-edmunds
ABERFELDIE,VIC,3040,Justin Njuguna,https://findabroker.mfaa.com.au/broker/justin-njuguna
ABERFELDIE,VIC,3040,James Dzanovski,https://findabroker.mfaa.com.au/broker/dimitar-dzanovski
ABERFELDIE,VIC,3040,Cameron Stillman,https://findabroker.mfaa.com.au/broker/cameron-stillman
ABERFELDIE,VIC,3040,Maria Nicoli,https://findabroker.mfaa.com.au/broker/maria-nicoli
ABERFELDIE,VIC,3040,Meegan Sanders,https://findabroker.mfaa.com.au/broker/meegan-sanders
ABERFELDIE,VIC,3040,John Goulding,https://findabroker.mfaa.com.au/broker/john-goulding
ABERFELDIE,VIC,3040,George Paleologos,https://findabroker.mfaa.com.au/broker/george-paleologos
ABERFOYLE PARK,SA,5159,Mike Wegener,https://findabroker.mfaa.com.au/broker/michael-wegener
ABERFOYLE PARK,SA,5159,Dave Settle,https://findabroker.mfaa.com.au/broker/david-settle
ABERFOYLE PARK,SA,5159,Lachie Richards,https://findabroker.mfaa.com.au/broker/lachlan-richards
ABERFOYLE PARK,SA,5159,Jason Given,https://findabroker.mfaa.com.au/broker/jason-given
ABERFOYLE PARK,SA,5159,Steve Chin,https://findabroker.mfaa.com.au/broker/stephen-chin
ABERFOYLE PARK,SA,5159,Peter Fitzpatrick,https://findabroker.mfaa.com.au/broker/peter-fitzpatrick
ABERFOYLE PARK,SA,5159,Brett Maple,https://findabroker.mfaa.com.au/broker/brett-maple
ABERFOYLE PARK,SA,5159,Hardy Patel,https://findabroker.mfaa.com.au/broker/hardik-patel
ABERFOYLE PARK,SA,5159,Sam Neville,https://findabroker.mfaa.com.au/broker/samantha-neville
ABERFOYLE PARK,SA,5159,Matt Stagg,https://findabroker.mfaa.com.au/broker/matthew-stagg
ABERFOYLE PARK,SA,5159,Brad Porter,https://findabroker.mfaa.com.au/broker/bradley-porter
ABERFOYLE PARK,SA,5159,Ben Truong,https://findabroker.mfaa.com.au/broker/bidong-ga-truong
ABERFOYLE PARK,SA,5159,Mark Fugaro,https://findabroker.mfaa.com.au/broker/mark-fugaro
ABERFOYLE PARK,SA,5159,Spiro Themistocleous,https://findabroker.mfaa.com.au/broker/spiros-themistocleous
ABERFOYLE PARK,SA,5159,Gemma Spence,https://findabroker.mfaa.com.au/broker/gemma-spence
ABERFOYLE PARK,SA,5159,Jason Di Iulio,https://findabroker.mfaa.com.au/broker/jason-di-iulio
ABERFOYLE PARK,SA,5159,Jasper Ooi,https://findabroker.mfaa.com.au/broker/inn-ooi
ABERFOYLE PARK,SA,5159,Mandy Kelly,https://findabroker.mfaa.com.au/broker/mandy-kelly
ABERFOYLE PARK,SA,5159,Leanne Dragani,https://findabroker.mfaa.com.au/broker/leanne-dragani
ABERFOYLE PARK,SA,5159,Nick Villios,https://findabroker.mfaa.com.au/broker/nicholas-villios
ABERFOYLE PARK,SA,5159,Chris Thredgold,https://findabroker.mfaa.com.au/broker/christopher-thredgold
ABERFOYLE PARK,SA,5159,Richard Flint,https://findabroker.mfaa.com.au/broker/richard-flint
ABERFOYLE PARK,SA,5159,Carlo Catalano,https://findabroker.mfaa.com.au/broker/carlo-catalano
ABERFOYLE PARK,SA,5159,Norman Lim,https://findabroker.mfaa.com.au/broker/choon-lim
ABERFOYLE PARK,SA,5159,Aaron Nguyen,https://findabroker.mfaa.com.au/broker/chi-linh-nguyen
ABERFOYLE PARK,SA,5159,Angie Yang,https://findabroker.mfaa.com.au/broker/min-yang
ABERFOYLE PARK,SA,5159,Jarred Stamoulis,https://findabroker.mfaa.com.au/broker/jarred-stamoulis
ABERFOYLE PARK,SA,5159,Bipin Joshi,https://findabroker.mfaa.com.au/broker/bipin-joshi
ABERFOYLE PARK,SA,5159,Conrad Williamson,https://findabroker.mfaa.com.au/broker/conrad-williamson
ABERFOYLE PARK,SA,5159,Grant Hocknell,https://findabroker.mfaa.com.au/broker/grant-hocknell
ABERFOYLE PARK,SA,5159,Angelo Chiuchiolo,https://findabroker.mfaa.com.au/broker/angelo-chiuchiolo
ABERFOYLE PARK,SA,5159,Umberto Catalano,https://findabroker.mfaa.com.au/broker/umberto-catalano
ABERFOYLE PARK,SA,5159,Tim Gallasch,https://findabroker.mfaa.com.au/broker/timothy-gallasch
ABERFOYLE PARK,SA,5159,Kris Skrodzki,https://findabroker.mfaa.com.au/broker/kris-skrodzki
ABERFOYLE PARK,SA,5159,Jason Vozvotecas,https://findabroker.mfaa.com.au/broker/jason-vozvotecas
ABERFOYLE PARK,SA,5159,Austin Rulfs,https://findabroker.mfaa.com.au/broker/austin-rulfs
ABERFOYLE PARK,SA,5159,Erika Hester,https://findabroker.mfaa.com.au/broker/erika-hester
ABERFOYLE PARK,SA,5159,Belinda Sugars,https://findabroker.mfaa.com.au/broker/belinda-sugars
ABERFOYLE PARK,SA,5159,Patricia Arnold,https://findabroker.mfaa.com.au/broker/patricia-arnold
ABERFOYLE PARK,SA,5159,Gary Brown,https://findabroker.mfaa.com.au/broker/gary-brown
ABERFOYLE PARK,SA,5159,Vanessa Hoenel,https://findabroker.mfaa.com.au/broker/vanessa-hoenel
ABERFOYLE PARK,SA,5159,James Lagudi,https://findabroker.mfaa.com.au/broker/james-lagudi
ABERFOYLE PARK,SA,5159,Melissa Frazer,https://findabroker.mfaa.com.au/broker/melissa-frazer
ABERFOYLE PARK,SA,5159,Edward Le Gallant,https://findabroker.mfaa.com.au/broker/edward-le-gallant
ABERFOYLE PARK,SA,5159,Eric Li,https://findabroker.mfaa.com.au/broker/chi-hang-li
ABERFOYLE PARK,SA,5159,Alberto Curiel,https://findabroker.mfaa.com.au/broker/alberto-curiel
ABERFOYLE PARK,SA,5159,Jim Colella,https://findabroker.mfaa.com.au/broker/jim-colella
ABERFOYLE PARK,SA,5159,Jon Bruce,https://findabroker.mfaa.com.au/broker/jonathon-bruce
ABERFOYLE PARK,SA,5159,Loc Vo Vo,https://findabroker.mfaa.com.au/broker/loc-vo
ABERFOYLE PARK,SA,5159,Michael Braggs,https://findabroker.mfaa.com.au/broker/michael-braggs
ABERFOYLE PARK,SA,5159,Lee Banh,https://findabroker.mfaa.com.au/broker/lee-banh
ABERFOYLE PARK,SA,5159,Ash Adhikari,https://findabroker.mfaa.com.au/broker/ashok-adhikari
ABERFOYLE PARK,SA,5159,Sam Weaver,https://findabroker.mfaa.com.au/broker/sam-weaver
ABERFOYLE PARK,SA,5159,Paul Katranis,https://findabroker.mfaa.com.au/broker/apostolos-katranis
ABERFOYLE PARK,SA,5159,Nik Radoicic,https://findabroker.mfaa.com.au/broker/nikola-radoicic
ABERFOYLE PARK,SA,5159,Yanni Zabanias,https://findabroker.mfaa.com.au/broker/yanni-zabanias
ABERFOYLE PARK,SA,5159,Matthew Stouppos,https://findabroker.mfaa.com.au/broker/matthew-stouppos
ABERFOYLE PARK,SA,5159,Ben Collins,https://findabroker.mfaa.com.au/broker/benjamin-collins
ABERFOYLE PARK,SA,5159,Greg Samuel,https://findabroker.mfaa.com.au/broker/gregory-samuel
ABERFOYLE PARK,SA,5159,Paul Connelly,https://findabroker.mfaa.com.au/broker/paul-connelly
ABERFOYLE PARK,SA,5159,Callum Wright,https://findabroker.mfaa.com.au/broker/callum-wright
ABERFOYLE PARK,SA,5159,Jarrod Downing,https://findabroker.mfaa.com.au/broker/jarrod-downing
ABERFOYLE PARK,SA,5159,Liam Thomas,https://findabroker.mfaa.com.au/broker/liam-thomas
ABERFOYLE PARK,SA,5159,Lauren Parsons,https://findabroker.mfaa.com.au/broker/lauren-parsons
ABERFOYLE PARK,SA,5159,John Kefalianos,https://findabroker.mfaa.com.au/broker/john-kefalianos
ABERFOYLE PARK,SA,5159,Evan Sendy,https://findabroker.mfaa.com.au/broker/evan-sendy
ABERFOYLE PARK,SA,5159,Mark Seymour,https://findabroker.mfaa.com.au/broker/mark-seymour
ABERFOYLE PARK,SA,5159,Daniel Kelly,https://findabroker.mfaa.com.au/broker/daniel-kelly
ABERFOYLE PARK,SA,5159,Ankur Dhir,https://findabroker.mfaa.com.au/broker/ankur-dhir
ABERFOYLE PARK,SA,5159,David Allen,https://findabroker.mfaa.com.au/broker/david-allen
ABERFOYLE PARK,SA,5159,Ranjeev Arora,https://findabroker.mfaa.com.au/broker/ranjeev-arora
ABERFOYLE PARK,SA,5159,Sarah Patterson,https://findabroker.mfaa.com.au/broker/sarah-patterson
ABERFOYLE PARK,SA,5159,Murray Hyde,https://findabroker.mfaa.com.au/broker/murray-hyde
ABERFOYLE PARK,SA,5159,Chris Betts,https://findabroker.mfaa.com.au/broker/christopher-betts
ABERFOYLE PARK,SA,5159,Domenica Lepro,https://findabroker.mfaa.com.au/broker/domenica-lepro
ABERFOYLE PARK,SA,5159,Amy Iommarini,https://findabroker.mfaa.com.au/broker/emmanuela-iommarini
ABERFOYLE PARK,SA,5159,John Paine,https://findabroker.mfaa.com.au/broker/terrence-paine
ABERFOYLE PARK,SA,5159,Nancy Youssef,https://findabroker.mfaa.com.au/broker/nancy-youssef
ABERFOYLE PARK,SA,5159,Steve Kellaway,https://findabroker.mfaa.com.au/broker/steven-kellaway
ABERFOYLE PARK,SA,5159,David Zammit Zammit,https://findabroker.mfaa.com.au/broker/david-zammit
ABERFOYLE PARK,SA,5159,Stan Tjandra,https://findabroker.mfaa.com.au/broker/stanus-tjandra
ABERFOYLE PARK,SA,5159,Adam Jarvis,https://findabroker.mfaa.com.au/broker/adam-jarvis
ABERFOYLE PARK,SA,5159,Anthony Flaherty,https://findabroker.mfaa.com.au/broker/anthony-flaherty
ABERFOYLE PARK,SA,5159,Aaron Greffenius,https://findabroker.mfaa.com.au/broker/aaron-greffenius
ABERFOYLE PARK,SA,5159,Gary Anthony,https://findabroker.mfaa.com.au/broker/gary-anthony
ABERFOYLE PARK,SA,5159,Vince Santoro,https://findabroker.mfaa.com.au/broker/vince-santoro
ABERFOYLE PARK,SA,5159,Angela Dye,https://findabroker.mfaa.com.au/broker/angela-dye
ABERFELDY,VIC,3825,Baset Sadiqi,https://findabroker.mfaa.com.au/broker/ahmad-baset-sadiqi
ABERFELDY,VIC,3825,Adam Carmignani,https://findabroker.mfaa.com.au/broker/adam-carmignani
ABERCROMBIE,NSW,2795,Peter Clark,https://findabroker.mfaa.com.au/broker/peter-clark
ABERCROMBIE,NSW,2795,Chris Cleaver,https://findabroker.mfaa.com.au/broker/chris-cleaver
ABERCROMBIE,NSW,2795,Tash Rob,https://findabroker.mfaa.com.au/broker/natasha-rob
ABERCROMBIE,NSW,2795,Alen Sirol,https://findabroker.mfaa.com.au/broker/alen-sirol
ABERCROMBIE,NSW,2795,Emile van der Merwe,https://findabroker.mfaa.com.au/broker/emile-van-der-merwe
ABERCROMBIE,NSW,2795,Gail Roots,https://findabroker.mfaa.com.au/broker/gail-roots
ABERCROMBIE,NSW,2795,Adrian Waller,https://findabroker.mfaa.com.au/broker/adrian-waller
ABERCROMBIE,NSW,2795,Andrew Cusack,https://findabroker.mfaa.com.au/broker/andrew-cusack
ABERCROMBIE,NSW,2795,Barry Ross,https://findabroker.mfaa.com.au/broker/barry-ross
ABERCROMBIE,NSW,2795,Toni Parkin,https://findabroker.mfaa.com.au/broker/toni-parkin
ABERCROMBIE,NSW,2795,Emily Curtis,https://findabroker.mfaa.com.au/broker/emily-curtis
ABERCROMBIE,NSW,2795,Giriraj Singh,https://findabroker.mfaa.com.au/broker/giriraj-singh
ABERCROMBIE,NSW,2795,Brandon Smith,https://findabroker.mfaa.com.au/broker/brandon-smith
ABERCROMBIE,NSW,2795,Adrian Astruc,https://findabroker.mfaa.com.au/broker/adrian-astruc
ABERCROMBIE,NSW,2795,Nick Constantine,https://findabroker.mfaa.com.au/broker/nicholas-constantine
ABERCROMBIE,NSW,2795,Elias Dahiya,https://findabroker.mfaa.com.au/broker/elias-dahiya
ABERCROMBIE,NSW,2795,Darren Cordingley,https://findabroker.mfaa.com.au/broker/darren-cordingley
ABERCROMBIE,NSW,2795,Natasha Christenson,https://findabroker.mfaa.com.au/broker/natasha-christenson
ABERCROMBIE,NSW,2795,Brian Healey,https://findabroker.mfaa.com.au/broker/brian-healey
ABERCROMBIE,NSW,2795,Damien Kosi,https://findabroker.mfaa.com.au/broker/damien-kosi
ABERCROMBIE,NSW,2795,Chris Booth,https://findabroker.mfaa.com.au/broker/christopher-booth
ABERCROMBIE,NSW,2795,Corey Stamp,https://findabroker.mfaa.com.au/broker/corey-stamp
ABERCROMBIE,NSW,2795,Charlie Hawken,https://findabroker.mfaa.com.au/broker/charlie-hawken
ABERCROMBIE,NSW,2795,Aaron Foh,https://findabroker.mfaa.com.au/broker/aaron-foh
ABERCROMBIE,NSW,2795,David Shih,https://findabroker.mfaa.com.au/broker/i-yung-shih
ABERCROMBIE,NSW,2795,Peter Ritchie,https://findabroker.mfaa.com.au/broker/peter-ritchie
ABERCROMBIE,NSW,2795,Rohini Pathirane,https://findabroker.mfaa.com.au/broker/rohini-pathirane
ABERCROMBIE,NSW,2795,Rob Dugdale,https://findabroker.mfaa.com.au/broker/robert-dugdale
ABERCROMBIE,NSW,2795,Geetika Mehta,https://findabroker.mfaa.com.au/broker/geetika-mehta
ABERCROMBIE,NSW,2795,Dwayne Nicholls,https://findabroker.mfaa.com.au/broker/dwayne-nicholls
ABERCROMBIE,NSW,2795,Nickolas Samaras,https://findabroker.mfaa.com.au/broker/nickolas-samaras
ABERCROMBIE,NSW,2795,Callum Duffy,https://findabroker.mfaa.com.au/broker/callum-duffy
ABERCROMBIE,NSW,2795,Andrea McCauley,https://findabroker.mfaa.com.au/broker/andrea-mccauley
ABERCROMBIE,NSW,2795,David Cupitt,https://findabroker.mfaa.com.au/broker/david-cupitt
ABERCROMBIE,NSW,2795,Anita Hinze,https://findabroker.mfaa.com.au/broker/anita-hinze
ABERCROMBIE,NSW,2795,Andrew Bromley,https://findabroker.mfaa.com.au/broker/andrew-bromley
ABERCROMBIE,NSW,2795,Amy Thorburn,https://findabroker.mfaa.com.au/broker/amy-thorburn
ABERCROMBIE,NSW,2795,Ravneet Ravneet,https://findabroker.mfaa.com.au/broker/ravneet
ABERCROMBIE,NSW,2795,Kerrie Slinger,https://findabroker.mfaa.com.au/broker/kerrie-slinger
ABERCROMBIE,NSW,2795,Paul Bransby,https://findabroker.mfaa.com.au/broker/paul-bransby
ABERCROMBIE,NSW,2795,May Chan,https://findabroker.mfaa.com.au/broker/wai-ling-chan
ABERCROMBIE,NSW,2795,Dan Sutter,https://findabroker.mfaa.com.au/broker/daniel-sutter
ABERCROMBIE,NSW,2795,Sarah Sutter,https://findabroker.mfaa.com.au/broker/sarah-sutter
ABERCROMBIE,NSW,2795,Trevor Watkins,https://findabroker.mfaa.com.au/broker/trevor-watkins
ABERCROMBIE,NSW,2795,Adrian Eagles,https://findabroker.mfaa.com.au/broker/adrian-eagles
ABERCROMBIE,NSW,2795,Peta Apps,https://findabroker.mfaa.com.au/broker/peta-apps
ABERCROMBIE,NSW,2795,Andrew Papettas,https://findabroker.mfaa.com.au/broker/andrew-papettas
ABERCROMBIE,NSW,2795,Brett Jeffery,https://findabroker.mfaa.com.au/broker/brett-jeffery
ABERMAIN,NSW,2326,Leanne Cheney,https://findabroker.mfaa.com.au/broker/leanne-cheney
ABERMAIN,NSW,2326,Caryn McIlwain,https://findabroker.mfaa.com.au/broker/caryn-mcilwain
ABERMAIN,NSW,2326,Evi Wyszenko,https://findabroker.mfaa.com.au/broker/evi-wyszenko
ABERMAIN,NSW,2326,Ralph Paananen Paananen,https://findabroker.mfaa.com.au/broker/ralph-paananen
ABERMAIN,NSW,2326,Ethan Locock,https://findabroker.mfaa.com.au/broker/ethan-locock
ABERMAIN,NSW,2326,Andrew Copeland,https://findabroker.mfaa.com.au/broker/andrew-copeland
ABERMAIN,NSW,2326,Hayley Flannery,https://findabroker.mfaa.com.au/broker/hayley-flannery
ABERMAIN,NSW,2326,Leanne Allen,https://findabroker.mfaa.com.au/broker/leanne-allen
ABERMAIN,NSW,2326,Joseph Potalivo,https://findabroker.mfaa.com.au/broker/joseph-potalivo
ABERMAIN,NSW,2326,Kiran Sandhu,https://findabroker.mfaa.com.au/broker/kirandeep-sandhu
ABERMAIN,NSW,2326,Andrew Salsbury,https://findabroker.mfaa.com.au/broker/andrew-salsbury
ABERMAIN,NSW,2326,Michael Siu,https://findabroker.mfaa.com.au/broker/michael-siu
ABERMAIN,NSW,2326,Eugene Kwong,https://findabroker.mfaa.com.au/broker/kok-fong-kwong
ABERMAIN,NSW,2326,Connie Pokorny,https://findabroker.mfaa.com.au/broker/connie-pokorny
ABERMAIN,NSW,2326,Ida Kalajdzic,https://findabroker.mfaa.com.au/broker/ida-kalajdzic
ABERMAIN,NSW,2326,Rebecca Sutherland,https://findabroker.mfaa.com.au/broker/rebecca-sutherland
ABERMAIN,NSW,2326,James Jabbour,https://findabroker.mfaa.com.au/broker/james-jabbour
ABERMAIN,NSW,2326,Daryl Crooks,https://findabroker.mfaa.com.au/broker/daryl-crooks
ABERMAIN,NSW,2326,Simon Tungka,https://findabroker.mfaa.com.au/broker/sweet-tungka
ABERMAIN,NSW,2326,Kavi Likhi,https://findabroker.mfaa.com.au/broker/kavi-likhi
ABERMAIN,NSW,2326,James Freeman,https://findabroker.mfaa.com.au/broker/james-freeman
ABERMAIN,NSW,2326,Alfie Di Bella,https://findabroker.mfaa.com.au/broker/alfie-di-bella
ABERMAIN,NSW,2326,Cajetan Silva,https://findabroker.mfaa.com.au/broker/cajetan-silva
ABERMAIN,NSW,2326,Adrian Sbaraglia,https://findabroker.mfaa.com.au/broker/adrian-sbaraglia
ABERMAIN,NSW,2326,Dario Matera,https://findabroker.mfaa.com.au/broker/dario-matera
ABERMAIN,NSW,2326,Sajin Kizhakkan Veetil,https://findabroker.mfaa.com.au/broker/sajin-kizhakkan-veetil
ABERMAIN,NSW,2326,Vijay Singh,https://findabroker.mfaa.com.au/broker/digvijay-singh
ABERMAIN,NSW,2326,Shannon Halton,https://findabroker.mfaa.com.au/broker/shannon-halton
ABERMAIN,NSW,2326,James McMinn,https://findabroker.mfaa.com.au/broker/james-mcminn
ABERMAIN,NSW,2326,Barbara Woodford,https://findabroker.mfaa.com.au/broker/barbara-woodford
ABERMAIN,NSW,2326,Donnie Martin,https://findabroker.mfaa.com.au/broker/donald-martin
ABERMAIN,NSW,2326,Michael James,https://findabroker.mfaa.com.au/broker/michael-james
ABERMAIN,NSW,2326,Jag Singh,https://findabroker.mfaa.com.au/broker/jagmohan-singh
ABERMAIN,NSW,2326,Dianne Fraser,https://findabroker.mfaa.com.au/broker/dianne-fraser
ABERMAIN,NSW,2326,Michelle Ryan-Uhlich,https://findabroker.mfaa.com.au/broker/michelle-ryan-uhlich
ABERMAIN,NSW,2326,Sumit Saini,https://findabroker.mfaa.com.au/broker/sumit-saini
ABERMAIN,NSW,2326,Claire Ferguson,https://findabroker.mfaa.com.au/broker/claire-ferguson
ABERMAIN,NSW,2326,Jesse Bullock,https://findabroker.mfaa.com.au/broker/jesse-bullock
ABERMAIN,NSW,2326,Irfan Kureshi,https://findabroker.mfaa.com.au/broker/irfan-kureshi
ABERMAIN,NSW,2326,Chris Christodoulou,https://findabroker.mfaa.com.au/broker/chris-christodoulou
ABERMAIN,NSW,2326,Julie Moss,https://findabroker.mfaa.com.au/broker/julie-moss
ABERMAIN,NSW,2326,Jamie Garcia,https://findabroker.mfaa.com.au/broker/jamie-garcia
ABERMAIN,NSW,2326,Leigh Nosworthy,https://findabroker.mfaa.com.au/broker/leigh-nosworthy
ABERMAIN,NSW,2326,Mike Holmes,https://findabroker.mfaa.com.au/broker/michael-holmes-2
ABERMAIN,NSW,2326,Nic Macherel,https://findabroker.mfaa.com.au/broker/nicolas-macherel
ABERMAIN,NSW,2326,Manish Pandey,https://findabroker.mfaa.com.au/broker/manish-pandey
ABERMAIN,NSW,2326,Matt Carr,https://findabroker.mfaa.com.au/broker/matt-carr
ABERMAIN,NSW,2326,Anthony Romeo,https://findabroker.mfaa.com.au/broker/anthony-romeo
ABERMAIN,NSW,2326,Lesley McGuire,https://findabroker.mfaa.com.au/broker/lesley-mcguire
ABERMAIN,NSW,2326,Andy Au,https://findabroker.mfaa.com.au/broker/andy-au
ABERMAIN,NSW,2326,Lester Skorka,https://findabroker.mfaa.com.au/broker/lester-skorka
ABERMAIN,NSW,2326,Kate Price,https://findabroker.mfaa.com.au/broker/kate-price
ABERMAIN,NSW,2326,Thien Bui,https://findabroker.mfaa.com.au/broker/duy-thien-bui
ABERMAIN,NSW,2326,David Lewis,https://findabroker.mfaa.com.au/broker/david-lewis-2
ABERMAIN,NSW,2326,Tony Bath,https://findabroker.mfaa.com.au/broker/anthony-bath
ABERMAIN,NSW,2326,Donald Moo,https://findabroker.mfaa.com.au/broker/donald-moo
ABERMAIN,NSW,2326,David Ivey,https://findabroker.mfaa.com.au/broker/david-ivey
ABERMAIN,NSW,2326,Michael Ryan,https://findabroker.mfaa.com.au/broker/michael-ryan-2
ABERMAIN,NSW,2326,Francesco Bongiorno,https://findabroker.mfaa.com.au/broker/francesco-bongiorno
ABERMAIN,NSW,2326,Michael Sanz,https://findabroker.mfaa.com.au/broker/michael-sanz
ABERMAIN,NSW,2326,Ahmad Assadzadeh,https://findabroker.mfaa.com.au/broker/ahmad-assadzadeh
ABERMAIN,NSW,2326,Megan Di Benedetto,https://findabroker.mfaa.com.au/broker/megan-di-benedetto
ABERMAIN,NSW,2326,Mery Winter,https://findabroker.mfaa.com.au/broker/mery-anne-winter
ABERMAIN,NSW,2326,Ivo De Jesus,https://findabroker.mfaa.com.au/broker/ivo-de-jesus
ABERMAIN,NSW,2326,Tanaka Marembo,https://findabroker.mfaa.com.au/broker/tanaka-marembo
ABERMAIN,NSW,2326,Raj Pratap,https://findabroker.mfaa.com.au/broker/rajnish-pratap
ABERMAIN,NSW,2326,Cameron Finlayson,https://findabroker.mfaa.com.au/broker/cameron-finlayson
ABERMAIN,NSW,2326,Abigail Monk,https://findabroker.mfaa.com.au/broker/abigail-kaia-monk
ABERGLASSLYN,NSW,2320,Grace Angkawidjaja,https://findabroker.mfaa.com.au/broker/graceya-angkawidjaja
ABERGLASSLYN,NSW,2320,Karthick Thanigaimani,https://findabroker.mfaa.com.au/broker/karthick-thanigaimani
ABERGLASSLYN,NSW,2320,Tina Yuhico,https://findabroker.mfaa.com.au/broker/maria-yuhico
ABERGLASSLYN,NSW,2320,Kristina Demostheni,https://findabroker.mfaa.com.au/broker/kristina-demostheni
ABERGLASSLYN,NSW,2320,Beth Rachel,https://findabroker.mfaa.com.au/broker/beth-rachel
ABERGLASSLYN,NSW,2320,David Querzoli,https://findabroker.mfaa.com.au/broker/david-querzoli
ABERGLASSLYN,NSW,2320,Daniel Jones,https://findabroker.mfaa.com.au/broker/daniel-jones
ABERGLASSLYN,NSW,2320,Divya Malhotra,https://findabroker.mfaa.com.au/broker/divya-malhotra
ABERGLASSLYN,NSW,2320,Diego Piatta,https://findabroker.mfaa.com.au/broker/diego-piatta
ABERGLASSLYN,NSW,2320,David Mills,https://findabroker.mfaa.com.au/broker/david-mills
ABERGLASSLYN,NSW,2320,Jon Martin,https://findabroker.mfaa.com.au/broker/jonathan-martin
ABERGLASSLYN,NSW,2320,Kira Mateljan,https://findabroker.mfaa.com.au/broker/kira-mateljan
ABERGLASSLYN,NSW,2320,Gemma Monteith,https://findabroker.mfaa.com.au/broker/gemma-monteith
ABERGLASSLYN,NSW,2320,Dinesh Hewajulige,https://findabroker.mfaa.com.au/broker/dinesh-hewajulige
ABERGLASSLYN,NSW,2320,Leia Hunt,https://findabroker.mfaa.com.au/broker/leia-hunt
ABERGLASSLYN,NSW,2320,Kathryn Harrison,https://findabroker.mfaa.com.au/broker/kathryn-harrison
ABERGLASSLYN,NSW,2320,Narelle Vais,https://findabroker.mfaa.com.au/broker/narelle-vais
ABERGLASSLYN,NSW,2320,Possible Diessa,https://findabroker.mfaa.com.au/broker/muyaya-diessa
ABERGLASSLYN,NSW,2320,Cara Haynes,https://findabroker.mfaa.com.au/broker/cara-haynes
ABERGLASSLYN,NSW,2320,Aedon Koning,https://findabroker.mfaa.com.au/broker/aedon-koning
ABERGLASSLYN,NSW,2320,Julie Wong,https://findabroker.mfaa.com.au/broker/julie-wong
ABERGLASSLYN,NSW,2320,David Outrata,https://findabroker.mfaa.com.au/broker/david-outrata
ABERGLASSLYN,NSW,2320,Heather Kellcurcy,https://findabroker.mfaa.com.au/broker/heather-kellcurcy
ABERGLASSLYN,NSW,2320,Jonathan Vasiliou,https://findabroker.mfaa.com.au/broker/jonathan-vasiliou
ABERGLASSLYN,NSW,2320,Joshua Klevansky,https://findabroker.mfaa.com.au/broker/joshua-klevansky-2
ABERGLASSLYN,NSW,2320,Peter Byrne,https://findabroker.mfaa.com.au/broker/peter-byrne
ABERGLASSLYN,NSW,2320,Brett Stokes,https://findabroker.mfaa.com.au/broker/brett-stokes
ABERGLASSLYN,NSW,2320,Peter Gwynne,https://findabroker.mfaa.com.au/broker/peter-gwynne
ABERGLASSLYN,NSW,2320,Khiem Cao,https://findabroker.mfaa.com.au/broker/khiem-cao
ABERGLASSLYN,NSW,2320,Hiep Tran,https://findabroker.mfaa.com.au/broker/kim-hiep-tran
ABERGLASSLYN,NSW,2320,Jenny Yin,https://findabroker.mfaa.com.au/broker/hui-fang-jenny-yin
ABERGLASSLYN,NSW,2320,Nathan Freebody,https://findabroker.mfaa.com.au/broker/nathan-freebody
ABERGLASSLYN,NSW,2320,Kim Harrison,https://findabroker.mfaa.com.au/broker/kim-harrison
ABERGLASSLYN,NSW,2320,Shannon Hassett,https://findabroker.mfaa.com.au/broker/shannon-hassett
ABERGLASSLYN,NSW,2320,Simon Hassett,https://findabroker.mfaa.com.au/broker/simon-hassett
ABERGLASSLYN,NSW,2320,Michael Brandt,https://findabroker.mfaa.com.au/broker/michael-brandt-2
ABERGLASSLYN,NSW,2320,Aaron Elliot,https://findabroker.mfaa.com.au/broker/aaron-elliot
ABERGLASSLYN,NSW,2320,Michael Butler,https://findabroker.mfaa.com.au/broker/michael-butler
ABERGLASSLYN,NSW,2320,Donna Baden,https://findabroker.mfaa.com.au/broker/donna-baden
ABERGLASSLYN,NSW,2320,Manasvi Vohra,https://findabroker.mfaa.com.au/broker/manasvi-vohra
ABERGLASSLYN,NSW,2320,Manik Khera,https://findabroker.mfaa.com.au/broker/manik-khera
ABERGLASSLYN,NSW,2320,Kanda Kanda,https://findabroker.mfaa.com.au/broker/davinder-singh-kanda
ABERGLASSLYN,NSW,2320,Nathan Shoemark,https://findabroker.mfaa.com.au/broker/nathan-shoemark
ABERGLASSLYN,NSW,2320,Nigel Keating,https://findabroker.mfaa.com.au/broker/nigel-keating
ABERGLASSLYN,NSW,2320,Feleice Miller,https://findabroker.mfaa.com.au/broker/feleice-miller
ABERGLASSLYN,NSW,2320,Bianca Hornby,https://findabroker.mfaa.com.au/broker/bianca-hornby
ABERGLASSLYN,NSW,2320,Aman Tiwana,https://findabroker.mfaa.com.au/broker/aman-preet-kaur-tiwana
ABERGLASSLYN,NSW,2320,Mike Shahi,https://findabroker.mfaa.com.au/broker/michael-shahi
ABERGLASSLYN,NSW,2320,Martin Zachara,https://findabroker.mfaa.com.au/broker/martin-zachara
ABERGLASSLYN,NSW,2320,Thomas Bell,https://findabroker.mfaa.com.au/broker/thomas-bell
ABERGLASSLYN,NSW,2320,Larissa Barton,https://findabroker.mfaa.com.au/broker/larissa-barton
ABERGLASSLYN,NSW,2320,Anthony Banadinovich,https://findabroker.mfaa.com.au/broker/anthony-banadinovich
ABERGLASSLYN,NSW,2320,Vic Giannakis,https://findabroker.mfaa.com.au/broker/vic-giannakis
ABERGLASSLYN,NSW,2320,Jarred Costantino,https://findabroker.mfaa.com.au/broker/jarred-costantino
ABERDEEN,TAS,7310,Kaz Emerson,https://findabroker.mfaa.com.au/broker/karen-emerson
ABERDEEN,TAS,7310,Casey Sorrell,https://findabroker.mfaa.com.au/broker/casey-sorrell
ABERDEEN,TAS,7310,Adam Taylor,https://findabroker.mfaa.com.au/broker/adam-taylor
ABERDEEN,TAS,7310,Emily Pinker,https://findabroker.mfaa.com.au/broker/emily-pinker
ABERDEEN,TAS,7310,Dane Robertson,https://findabroker.mfaa.com.au/broker/dane-robertson
ABERDEEN,TAS,7310,Ivica Kampic,https://findabroker.mfaa.com.au/broker/ivica-kampic
ABERDEEN,TAS,7310,Tony Durston,https://findabroker.mfaa.com.au/broker/anthony-durston
ABERDEEN,TAS,7310,Ben Batey,https://findabroker.mfaa.com.au/broker/benjamin-batey
ABERDEEN,TAS,7310,Brian Macauley,https://findabroker.mfaa.com.au/broker/brian-macauley
ABERDEEN,TAS,7310,Debbie McDermott,https://findabroker.mfaa.com.au/broker/debbie-mcdermott
ABERDEEN,TAS,7310,Anu Nair,https://findabroker.mfaa.com.au/broker/anuradha-nair
ABERDEEN,TAS,7310,Julie Pyne,https://findabroker.mfaa.com.au/broker/julie-anne-pyne
ABERDEEN,TAS,7310,Mark Boag,https://findabroker.mfaa.com.au/broker/mark-boag
ABERDEEN,TAS,7310,Attilio Nigro,https://findabroker.mfaa.com.au/broker/attilio-nigro
ABERDEEN,TAS,7310,Codey Warhurst,https://findabroker.mfaa.com.au/broker/codey-warhurst
ABERDEEN,TAS,7310,John Philipose,https://findabroker.mfaa.com.au/broker/john-philipose
ABERDEEN,TAS,7310,Alex Anderson,https://findabroker.mfaa.com.au/broker/alexander-anderson
ABERDEEN,TAS,7310,Ashish Soni,https://findabroker.mfaa.com.au/broker/ashish-soni
ABERDEEN,TAS,7310,Christopher Edwards,https://findabroker.mfaa.com.au/broker/christopher-edwards
ABERDEEN,TAS,7310,Stuart Batterham,https://findabroker.mfaa.com.au/broker/stuart-batterham
ABERDEEN,TAS,7310,Joanne Nugent,https://findabroker.mfaa.com.au/broker/joanne-nugent
ABERDEEN,TAS,7310,Golda Emery,https://findabroker.mfaa.com.au/broker/golda-emery
ABERDEEN,TAS,7310,Mark Veza,https://findabroker.mfaa.com.au/broker/mark-veza
ABERDEEN,TAS,7310,David Khalil,https://findabroker.mfaa.com.au/broker/david-khalil-2
ABERDEEN,TAS,7310,Anna Hovhannisyan,https://findabroker.mfaa.com.au/broker/anahit-hovhannisyan
ABERDEEN,TAS,7310,Mark Lancaster,https://findabroker.mfaa.com.au/broker/mark-lancaster
ABERDEEN,TAS,7310,Gayle Campbell,https://findabroker.mfaa.com.au/broker/gayle-campbell
ABERDEEN,TAS,7310,Mark Oliver,https://findabroker.mfaa.com.au/broker/mark-oliver
ABERDEEN,TAS,7310,Kerrie Watkins,https://findabroker.mfaa.com.au/broker/kerrie-watkins
ABERDEEN,TAS,7310,Justin Lee,https://findabroker.mfaa.com.au/broker/justin-lee
ABERDEEN,TAS,7310,Kimberly Turnewitsch,https://findabroker.mfaa.com.au/broker/kimberly-turnewitsch
ABERDEEN,TAS,7310,Lisa Chapman,https://findabroker.mfaa.com.au/broker/lisa-chapman
ABERDEEN,TAS,7310,Chris Beks,https://findabroker.mfaa.com.au/broker/chris-beks
ABERDEEN,TAS,7310,Darren Kennedy,https://findabroker.mfaa.com.au/broker/darren-kennedy
ABERDEEN,TAS,7310,Jayne Collard,https://findabroker.mfaa.com.au/broker/jayne-collard
ABERDEEN,TAS,7310,Will Li,https://findabroker.mfaa.com.au/broker/cheng-li
ABERDEEN,TAS,7310,Gordon Fogg,https://findabroker.mfaa.com.au/broker/gordon-fogg
ABERDEEN,TAS,7310,Benjamin Bol Bol,https://findabroker.mfaa.com.au/broker/benjamin-bol-bol
ABERDEEN,TAS,7310,Daniel Hoegel,https://findabroker.mfaa.com.au/broker/daniel-hoegel
ABERDEEN,TAS,7310,Rhonda McNicoll,https://findabroker.mfaa.com.au/broker/rhonda-mcnicoll
ABERDEEN,TAS,7310,Josie MacArthur,https://findabroker.mfaa.com.au/broker/josie-macarthur
ABERDEEN,TAS,7310,Andrew Bertram,https://findabroker.mfaa.com.au/broker/andrew-bertram
ABERDEEN,TAS,7310,Barbara Leung,https://findabroker.mfaa.com.au/broker/chung-san-leung
ACACIA GARDENS,NSW,2763,Steven Reeves,https://findabroker.mfaa.com.au/broker/steven-reeves
ACACIA GARDENS,NSW,2763,Emma Arzoumanian,https://findabroker.mfaa.com.au/broker/emma-arzoumanian
ACACIA GARDENS,NSW,2763,Amit Narang,https://findabroker.mfaa.com.au/broker/amit-narang
ACACIA GARDENS,NSW,2763,Manbir Gill,https://findabroker.mfaa.com.au/broker/manbir-gill
ACACIA GARDENS,NSW,2763,Irfan Hussain,https://findabroker.mfaa.com.au/broker/irfan-hussain
ACACIA GARDENS,NSW,2763,Lisa Higham,https://findabroker.mfaa.com.au/broker/lisa-higham
ACACIA GARDENS,NSW,2763,Karan Menon,https://findabroker.mfaa.com.au/broker/karan-menon
ACACIA GARDENS,NSW,2763,Sandhya Muthedath Kumaran,https://findabroker.mfaa.com.au/broker/sandhya-muthedath-kumaran
ACACIA GARDENS,NSW,2763,Santosh Shrestha,https://findabroker.mfaa.com.au/broker/santosh-shrestha
ACACIA GARDENS,NSW,2763,Lukasz Karpinski,https://findabroker.mfaa.com.au/broker/lukasz-karpinski
ACACIA GARDENS,NSW,2763,Normita Armas,https://findabroker.mfaa.com.au/broker/normita-armas
ACACIA GARDENS,NSW,2763,Amit Chauhan,https://findabroker.mfaa.com.au/broker/amit-chauhan
ACACIA GARDENS,NSW,2763,Hossein Safari,https://findabroker.mfaa.com.au/broker/hossein-safari
ACACIA GARDENS,NSW,2763,Cang Dang,https://findabroker.mfaa.com.au/broker/cang-dang
ACACIA GARDENS,NSW,2763,Chris de Jesus,https://findabroker.mfaa.com.au/broker/christopher-de-jesus
ACACIA GARDENS,NSW,2763,Greig Francis,https://findabroker.mfaa.com.au/broker/greig-francis
ACACIA GARDENS,NSW,2763,Geoffrey Chan,https://findabroker.mfaa.com.au/broker/ka-wing-chan
ACACIA GARDENS,NSW,2763,Chander Sareen,https://findabroker.mfaa.com.au/broker/chander-sareen
ACACIA GARDENS,NSW,2763,Rosey Sareen,https://findabroker.mfaa.com.au/broker/rosey-sareen
ACACIA GARDENS,NSW,2763,Jared Jacobs,https://findabroker.mfaa.com.au/broker/jared-jacobs
ACACIA GARDENS,NSW,2763,David Hicks,https://findabroker.mfaa.com.au/broker/david-hicks
ACACIA GARDENS,NSW,2763,Keshab Chapagain,https://findabroker.mfaa.com.au/broker/keshab-chapagain
ACACIA GARDENS,NSW,2763,Matt Donaghey,https://findabroker.mfaa.com.au/broker/matt-donaghey
ACACIA GARDENS,NSW,2763,Chi Chan,https://findabroker.mfaa.com.au/broker/chi-chan
ACACIA GARDENS,NSW,2763,Dennis Mrljak,https://findabroker.mfaa.com.au/broker/dennis-mrljak
ACACIA GARDENS,NSW,2763,Franco Schiraldi,https://findabroker.mfaa.com.au/broker/franco-schiraldi
ACACIA GARDENS,NSW,2763,Ben Chen,https://findabroker.mfaa.com.au/broker/benjamin-chen-2
ACACIA GARDENS,NSW,2763,Roy Huang,https://findabroker.mfaa.com.au/broker/min-huang
ACACIA GARDENS,NSW,2763,David Huxley,https://findabroker.mfaa.com.au/broker/david-huxley
ACACIA GARDENS,NSW,2763,Mirant Makadia,https://findabroker.mfaa.com.au/broker/mirant-makadia
ACACIA GARDENS,NSW,2763,Rishi Aryan,https://findabroker.mfaa.com.au/broker/rishi-aryan
ACACIA GARDENS,NSW,2763,Chris D'Cruz,https://findabroker.mfaa.com.au/broker/christopher-dcruz
ACACIA GARDENS,NSW,2763,Jay Patel,https://findabroker.mfaa.com.au/broker/jayantilal-patel
ACACIA GARDENS,NSW,2763,Chris Ockrim,https://findabroker.mfaa.com.au/broker/christopher-ockrim
ACACIA GARDENS,NSW,2763,Ruby Tsang,https://findabroker.mfaa.com.au/broker/ruby-yin-fun-tsang
ACACIA GARDENS,NSW,2763,Francis Choo,https://findabroker.mfaa.com.au/broker/francis-choo
ACACIA GARDENS,NSW,2763,Olivia Canak,https://findabroker.mfaa.com.au/broker/olivia-canak
ACACIA GARDENS,NSW,2763,Attar Singh Sheorayan,https://findabroker.mfaa.com.au/broker/attar-sheorayan
ACACIA RIDGE,QLD,4110,TJ Singh,https://findabroker.mfaa.com.au/broker/tejinder-singh-2
ACACIA RIDGE,QLD,4110,Chun Kit Siu,https://findabroker.mfaa.com.au/broker/chun-kit-siu
ACACIA RIDGE,QLD,4110,Chetan Narsey,https://findabroker.mfaa.com.au/broker/chetan-narsey
ACACIA RIDGE,QLD,4110,Husnain Ali,https://findabroker.mfaa.com.au/broker/husnain-ali
ACACIA RIDGE,QLD,4110,George Malousis,https://findabroker.mfaa.com.au/broker/george-malousis
ACACIA RIDGE,QLD,4110,Paul Freer,https://findabroker.mfaa.com.au/broker/paul-freer
ACACIA RIDGE,QLD,4110,Al Fernandes,https://findabroker.mfaa.com.au/broker/aloysius-fernandes
ACACIA RIDGE,QLD,4110,Dan Bogdan,https://findabroker.mfaa.com.au/broker/daniel-bogdan
ACACIA RIDGE,QLD,4110,Debbie Stapleton,https://findabroker.mfaa.com.au/broker/debbie-stapleton
ACACIA RIDGE,QLD,4110,Ewan Ramsey,https://findabroker.mfaa.com.au/broker/ewan-ramsey
ACACIA RIDGE,QLD,4110,Deborah Visser,https://findabroker.mfaa.com.au/broker/deborah-visser
ACACIA RIDGE,QLD,4110,Brock Aston,https://findabroker.mfaa.com.au/broker/brock-aston
ACACIA RIDGE,QLD,4110,Marie Buchanan,https://findabroker.mfaa.com.au/broker/marie-buchanan
ACACIA RIDGE,QLD,4110,Garry Orange,https://findabroker.mfaa.com.au/broker/garry-orange
ACACIA RIDGE,QLD,4110,Todd Yang,https://findabroker.mfaa.com.au/broker/guiqin-yang
ACACIA RIDGE,QLD,4110,Keith Marshall,https://findabroker.mfaa.com.au/broker/keith-marshall
ACACIA RIDGE,QLD,4110,Nam Do,https://findabroker.mfaa.com.au/broker/nam-ngoc-do
ACACIA RIDGE,QLD,4110,Cheryl Muchena,https://findabroker.mfaa.com.au/broker/cheryl-muchena
ACACIA RIDGE,QLD,4110,Callum Lamont,https://findabroker.mfaa.com.au/broker/callum-lamont
ACACIA RIDGE,QLD,4110,Mark Connolly,https://findabroker.mfaa.com.au/broker/mark-connolly
ACACIA RIDGE,QLD,4110,Brendan Harrison,https://findabroker.mfaa.com.au/broker/brendan-harrison
ACACIA RIDGE,QLD,4110,Brendan Gilmour,https://findabroker.mfaa.com.au/broker/brendan-gilmour
ACACIA RIDGE,QLD,4110,Dan Liao,https://findabroker.mfaa.com.au/broker/daniel-liao
ACACIA RIDGE,QLD,4110,Sam Do,https://findabroker.mfaa.com.au/broker/hieu-do
ACACIA RIDGE,QLD,4110,Steven Li,https://findabroker.mfaa.com.au/broker/bai-wei-li
ACACIA RIDGE,QLD,4110,Bob Korver,https://findabroker.mfaa.com.au/broker/bob-korver
ACACIA RIDGE,QLD,4110,Monique Saunders,https://findabroker.mfaa.com.au/broker/monique-saunders
ACACIA RIDGE,QLD,4110,My Nguyen,https://findabroker.mfaa.com.au/broker/my-nguyen
ACACIA RIDGE,QLD,4110,Gwen Fernandes,https://findabroker.mfaa.com.au/broker/gwenyth-fernandes
ACACIA RIDGE,QLD,4110,Kerry Higgins,https://findabroker.mfaa.com.au/broker/kerry-higgins
ACACIA RIDGE,QLD,4110,Claire Robinson,https://findabroker.mfaa.com.au/broker/claire-robinson
ACACIA RIDGE,QLD,4110,David Youels,https://findabroker.mfaa.com.au/broker/david-youels
ACACIA RIDGE,QLD,4110,Benjamin Moore,https://findabroker.mfaa.com.au/broker/benjamin-moore
ACACIA RIDGE,QLD,4110,Max Gustafson,https://findabroker.mfaa.com.au/broker/max-gustafson
ACACIA RIDGE,QLD,4110,Charlie Li,https://findabroker.mfaa.com.au/broker/chen-yao-li
ACACIA RIDGE,QLD,4110,CC Chiong,https://findabroker.mfaa.com.au/broker/chung-cheng-chiong
ACACIA RIDGE,QLD,4110,Dee Van Tienen,https://findabroker.mfaa.com.au/broker/derlin-van-tienen
ACACIA RIDGE,QLD,4110,Gavin Tandon,https://findabroker.mfaa.com.au/broker/gagandeep-tandon
ACACIA RIDGE,QLD,4110,Dan Brown,https://findabroker.mfaa.com.au/broker/daniel-brown
ACACIA RIDGE,QLD,4110,Brent Smith,https://findabroker.mfaa.com.au/broker/brent-smith
ACACIA RIDGE,QLD,4110,Thomas Johnson,https://findabroker.mfaa.com.au/broker/thomas-johnson-2
ACACIA RIDGE,QLD,4110,Michael Pignat,https://findabroker.mfaa.com.au/broker/michael-pignat
ACACIA RIDGE,QLD,4110,Kelly Gall,https://findabroker.mfaa.com.au/broker/kelly-gall
ACACIA RIDGE,QLD,4110,Jacqui Dent,https://findabroker.mfaa.com.au/broker/jacqueline-dent
ACACIA RIDGE,QLD,4110,Andrew Fogg,https://findabroker.mfaa.com.au/broker/andrew-fogg
ACACIA RIDGE,QLD,4110,Elissa Coles,https://findabroker.mfaa.com.au/broker/elissa-coles
ACACIA RIDGE,QLD,4110,Adam Byrne,https://findabroker.mfaa.com.au/broker/adam-byrne
ACACIA RIDGE,QLD,4110,Andy Turnbull,https://findabroker.mfaa.com.au/broker/andrew-turnbull
ACACIA RIDGE,QLD,4110,Remon Basta,https://findabroker.mfaa.com.au/broker/remon-basta
ACACIA RIDGE,QLD,4110,Sue Whitehead,https://findabroker.mfaa.com.au/broker/susan-whitehead
ACACIA RIDGE,QLD,4110,David Gibbs,https://findabroker.mfaa.com.au/broker/david-gibbs
ACACIA RIDGE,QLD,4110,Joseph Iezzi,https://findabroker.mfaa.com.au/broker/joseph-iezzi
ACACIA RIDGE,QLD,4110,Andrew Brown,https://findabroker.mfaa.com.au/broker/andrew-brown
ACACIA RIDGE,QLD,4110,Lily Carlyle,https://findabroker.mfaa.com.au/broker/liljana-carlyle
ACACIA RIDGE,QLD,4110,Taylor Donaldson,https://findabroker.mfaa.com.au/broker/taylor-donaldson
ACACIA RIDGE,QLD,4110,Craig de Souza,https://findabroker.mfaa.com.au/broker/craig-de-souza
ACACIA RIDGE,QLD,4110,Jatin Gupta,https://findabroker.mfaa.com.au/broker/jatin-gupta
ACACIA RIDGE,QLD,4110,Manish Giri,https://findabroker.mfaa.com.au/broker/keshav-raj-giri
ACACIA RIDGE,QLD,4110,Chenyang Li,https://findabroker.mfaa.com.au/broker/chenyang-li
ACACIA RIDGE,QLD,4110,Luke Suidgeest,https://findabroker.mfaa.com.au/broker/luke-suidgeest
ACACIA RIDGE,QLD,4110,Barry Stephens,https://findabroker.mfaa.com.au/broker/barry-stephens
ACACIA RIDGE,QLD,4110,Jecky Acharya,https://findabroker.mfaa.com.au/broker/jasmin-acharya
ACACIA RIDGE,QLD,4110,Dan Bruce,https://findabroker.mfaa.com.au/broker/daniel-bruce
ACACIA RIDGE,QLD,4110,Seekara Wilson,https://findabroker.mfaa.com.au/broker/seekara-wilson
ACACIA RIDGE,QLD,4110,Elizabeth McDonald,https://findabroker.mfaa.com.au/broker/elizabeth-mcdonald
ACACIA RIDGE,QLD,4110,Michael Cole,https://findabroker.mfaa.com.au/broker/michael-cole
ACTON,ACT,2601,Gillian Coles,https://findabroker.mfaa.com.au/broker/gillian-coles
ACTON,ACT,2601,Jewels Major,https://findabroker.mfaa.com.au/broker/julianne-major
ACTON,ACT,2601,Shuffle Hu Hu,https://findabroker.mfaa.com.au/broker/xiaofu-hu
ACTON,ACT,2601,Daniel Pollock,https://findabroker.mfaa.com.au/broker/daniel-pollock
ACTON,ACT,2601,Jack McLeod,https://findabroker.mfaa.com.au/broker/jackson-mcleod
ACTON,ACT,2601,Jessie Chen,https://findabroker.mfaa.com.au/broker/caoxin-chen
ACTON,ACT,2601,Lucia Lee,https://findabroker.mfaa.com.au/broker/lucia-lee
ACTON,ACT,2601,Ravi Gupta,https://findabroker.mfaa.com.au/broker/ravi-gupta
ACTON,ACT,2601,Binod Ghimire,https://findabroker.mfaa.com.au/broker/binod-raj-ghimire
ACTON,ACT,2601,Sarmila Poudel,https://findabroker.mfaa.com.au/broker/sarmila-poudel
ACTON,ACT,2601,Jessica Gianchou,https://findabroker.mfaa.com.au/broker/jessica-gianchou
ACTON,ACT,2601,Girish Dutt,https://findabroker.mfaa.com.au/broker/girish-dutt
ACTON,ACT,2601,Antima Bisural Kandel,https://findabroker.mfaa.com.au/broker/antima-bisural-kandel
ACTON,ACT,2601,Ramesh Kandel,https://findabroker.mfaa.com.au/broker/ramesh-kandel
ACTON,ACT,2601,Chris Gallagher,https://findabroker.mfaa.com.au/broker/christopher-gallagher
ACTON,ACT,2601,Hope Westbury,https://findabroker.mfaa.com.au/broker/hope-westbury
ACTON,ACT,2601,Manan Arora,https://findabroker.mfaa.com.au/broker/manan-arora
ACTON,ACT,2601,Craig Dorsett,https://findabroker.mfaa.com.au/broker/craig-dorsett
ACTON,ACT,2601,Anh Le,https://findabroker.mfaa.com.au/broker/viet-le
ACTON,ACT,2601,Champika Herath,https://findabroker.mfaa.com.au/broker/champika-herath
ACTON,ACT,2601,Lauren Burgess,https://findabroker.mfaa.com.au/broker/lauren-burgess
ACTON,ACT,2601,Carron Protheroe,https://findabroker.mfaa.com.au/broker/carron-protheroe
ACTON,ACT,2601,Dax Jarrett,https://findabroker.mfaa.com.au/broker/dax-jarrett
ACTON,ACT,2601,Ganesh Kharel,https://findabroker.mfaa.com.au/broker/ganesh-kharel
ACTON,ACT,2601,Emma Huaki,https://findabroker.mfaa.com.au/broker/emma-huaki
ACTON,ACT,2601,Rain Koc,https://findabroker.mfaa.com.au/broker/na-koc
ACTON,ACT,2601,Des Singh,https://findabroker.mfaa.com.au/broker/desnal-singh
ACTON,ACT,2601,Suzanne Rosenzweig,https://findabroker.mfaa.com.au/broker/suzanne-rosenzweig
ACTON,ACT,2601,George Joy,https://findabroker.mfaa.com.au/broker/georgekutty-joy
ACTON,ACT,2601,Peita Davies,https://findabroker.mfaa.com.au/broker/peita-davies
ACTON,ACT,2601,Jess Duinmeyer,https://findabroker.mfaa.com.au/broker/jessica-duinmeyer
ACTON,ACT,2601,James Angus,https://findabroker.mfaa.com.au/broker/james-angus
ACTON,ACT,2601,Manesh Fernando,https://findabroker.mfaa.com.au/broker/manesh-fernando
ACTON,ACT,2601,Ashley McLean,https://findabroker.mfaa.com.au/broker/ashley-mclean
ACTON,ACT,2601,Loren Manthey,https://findabroker.mfaa.com.au/broker/loren-manthey
ACTON,ACT,2601,Helen Douglas,https://findabroker.mfaa.com.au/broker/helen-douglas
ACTON,ACT,2601,Shashi Velpula,https://findabroker.mfaa.com.au/broker/shashi-velpula
ACTON,ACT,2601,Naish Rambiritch,https://findabroker.mfaa.com.au/broker/naish-rambiritch
ACTON,ACT,2601,Ray Hair,https://findabroker.mfaa.com.au/broker/raymond-hair
ACTON,ACT,2601,Mark Yeo,https://findabroker.mfaa.com.au/broker/mark-yeo
ACTON,ACT,2601,Ben Courage,https://findabroker.mfaa.com.au/broker/benjamin-courage
ACTON,ACT,2601,Daniel Johnston,https://findabroker.mfaa.com.au/broker/daniel-johnston
ACTON,ACT,2601,Richie Velliaris,https://findabroker.mfaa.com.au/broker/richard-velliaris
ACTON,ACT,2601,Kandi Dunn,https://findabroker.mfaa.com.au/broker/kandi-dunn
ACTON,ACT,2601,Carol Russell,https://findabroker.mfaa.com.au/broker/carol-russell
ACTON,ACT,2601,Russell Donovan,https://findabroker.mfaa.com.au/broker/russell-donovan
ACTON,ACT,2601,Jason Dalitz,https://findabroker.mfaa.com.au/broker/jason-dalitz
ACTON,ACT,2601,Jarrod Carland,https://findabroker.mfaa.com.au/broker/jarrod-carland
ACTON,ACT,2601,Leigh Frendo,https://findabroker.mfaa.com.au/broker/leigh-frendo
ACTON,ACT,2601,Rob Lees,https://findabroker.mfaa.com.au/broker/robert-lees
ACTON,ACT,2601,Martin Smith,https://findabroker.mfaa.com.au/broker/martin-smith
ACTON,ACT,2601,Jon Bowker,https://findabroker.mfaa.com.au/broker/jonathon-bowker
ACTON,ACT,2601,Narelle Kerstan,https://findabroker.mfaa.com.au/broker/narelle-kerstan
ACTON,ACT,2601,Emma Court,https://findabroker.mfaa.com.au/broker/emma-court
ACTON,ACT,2601,Chris Brown,https://findabroker.mfaa.com.au/broker/christopher-brown
ACTON,ACT,2601,Phi Le,https://findabroker.mfaa.com.au/broker/phi-le
ADA,VIC,3833,David Pryor,https://findabroker.mfaa.com.au/broker/david-pryor
ADA,VIC,3833,Matthew Trad,https://findabroker.mfaa.com.au/broker/matthew-trad
ADA,VIC,3833,Donald Tang,https://findabroker.mfaa.com.au/broker/ao-tang
ADA,VIC,3833,Brooke Malone,https://findabroker.mfaa.com.au/broker/brooke-malone
ADA,VIC,3833,Danielle Elsum,https://findabroker.mfaa.com.au/broker/danielle-elsum
ADA,VIC,3833,Penny Wilson,https://findabroker.mfaa.com.au/broker/penelope-wilson
ADA,VIC,3833,Brenda Connolly,https://findabroker.mfaa.com.au/broker/brenda-connolly
ADA,VIC,3833,Brad Hetherington,https://findabroker.mfaa.com.au/broker/brad-hetherington
ADA,VIC,3833,Amanda Beer,https://findabroker.mfaa.com.au/broker/amanda-beer
ADA,VIC,3833,Winston Huang,https://findabroker.mfaa.com.au/broker/koon-lam-huang
ADA,VIC,3833,Dimitri Tepelis,https://findabroker.mfaa.com.au/broker/dimitrios-tepelis
ADA,VIC,3833,Charles Shomar Shomar,https://findabroker.mfaa.com.au/broker/charles-shomar
ADA,VIC,3833,Hui Lin,https://findabroker.mfaa.com.au/broker/hui-lin
ADA,VIC,3833,Hilary Holliday,https://findabroker.mfaa.com.au/broker/hilary-holliday
ADA,VIC,3833,Nathan Burns,https://findabroker.mfaa.com.au/broker/nathan-burns
ADA,VIC,3833,Natalie Ristevski,https://findabroker.mfaa.com.au/broker/natalie-ristevski
ADA,VIC,3833,Jenni Adams,https://findabroker.mfaa.com.au/broker/jennifer-adams
ADA,VIC,3833,Jay Coakley,https://findabroker.mfaa.com.au/broker/jay-coakley
ADA,VIC,3833,Nathaniel Lozada,https://findabroker.mfaa.com.au/broker/nathaniel-lozada
ADA,VIC,3833,Clay Bremer,https://findabroker.mfaa.com.au/broker/clay-bremer
ADA,VIC,3833,Allan Chin,https://findabroker.mfaa.com.au/broker/kok-cheng-chin
ADA,VIC,3833,Brock Bouch,https://findabroker.mfaa.com.au/broker/brock-bouch
ADA,VIC,3833,John Scarborough,https://findabroker.mfaa.com.au/broker/john-scarborough
ADA,VIC,3833,Andrew Bugeja,https://findabroker.mfaa.com.au/broker/andrew-bugeja
ADA,VIC,3833,Alvie Oliveira Nobrega De Oliveira,https://findabroker.mfaa.com.au/broker/alvaro-augusto-nobrega-de-oliveira
ADA,VIC,3833,FABIANO Gomes Abreu dos Santos,https://findabroker.mfaa.com.au/broker/fabiano-gomes-abreu-dos-santos
ADA,VIC,3833,Cameron McCulloch,https://findabroker.mfaa.com.au/broker/cameron-mcculloch
ADA,VIC,3833,Maele Alchin,https://findabroker.mfaa.com.au/broker/maele-alchin
ADA,VIC,3833,Kent Idle,https://findabroker.mfaa.com.au/broker/kent-idle
ADA,VIC,3833,John McNamara,https://findabroker.mfaa.com.au/broker/john-mcnamara
ADA,VIC,3833,Inder Madaan,https://findabroker.mfaa.com.au/broker/inderpreet-madaan
ADA,VIC,3833,Josh Lee,https://findabroker.mfaa.com.au/broker/joshua-lee
ADA,VIC,3833,Alison Demeyer,https://findabroker.mfaa.com.au/broker/alison-demeyer
ADA,VIC,3833,Jack Robertson,https://findabroker.mfaa.com.au/broker/jack-robertson-2
ADA,VIC,3833,Alana Kunicki,https://findabroker.mfaa.com.au/broker/alana-kunicki
ADA,VIC,3833,Andruew Hidayat,https://findabroker.mfaa.com.au/broker/andruew-hidayat
ADA,VIC,3833,Michael Parnemann,https://findabroker.mfaa.com.au/broker/michael-parnemann
ADA,VIC,3833,Campbell Eade,https://findabroker.mfaa.com.au/broker/campbell-eade
ADA,VIC,3833,Jasmin Hazelton,https://findabroker.mfaa.com.au/broker/jasmin-hazelton
ADA,VIC,3833,Matyas Balogh,https://findabroker.mfaa.com.au/broker/matyas-balogh
ADA,VIC,3833,Max Direen,https://findabroker.mfaa.com.au/broker/anthony-direen
ADA,VIC,3833,Terry Chidgey,https://findabroker.mfaa.com.au/broker/terry-chidgey
ADA,VIC,3833,Jeremy Wealleans,https://findabroker.mfaa.com.au/broker/jeremy-wealleans
ADAMSTOWN,NSW,2289,Cristina Darken,https://findabroker.mfaa.com.au/broker/cristina-darken
ADAMSTOWN,NSW,2289,Blake Coleman,https://findabroker.mfaa.com.au/broker/blake-coleman
ADAMSTOWN,NSW,2289,Tyler Coleman,https://findabroker.mfaa.com.au/broker/tyler-coleman
ADAMSTOWN,NSW,2289,Garry Green,https://findabroker.mfaa.com.au/broker/garry-green
ADAMSTOWN,NSW,2289,Heath Williams,https://findabroker.mfaa.com.au/broker/heath-williams
ADAMSTOWN,NSW,2289,Jodi Hughes,https://findabroker.mfaa.com.au/broker/jodi-hughes
ADAMSTOWN,NSW,2289,Michael Blyton,https://findabroker.mfaa.com.au/broker/michael-blyton
ADAMSTOWN,NSW,2289,Karen Cuthbertson,https://findabroker.mfaa.com.au/broker/karen-cuthbertson
ADAMSTOWN,NSW,2289,Michael Campbell,https://findabroker.mfaa.com.au/broker/michael-campbell
ADAMSTOWN,NSW,2289,Dylan Franks,https://findabroker.mfaa.com.au/broker/dylan-franks
ADAMSTOWN,NSW,2289,Wade Crawford,https://findabroker.mfaa.com.au/broker/wade-crawford
ADAMSTOWN,NSW,2289,Linda Kendall,https://findabroker.mfaa.com.au/broker/linda-kendall
ADAMSTOWN,NSW,2289,Don Gray,https://findabroker.mfaa.com.au/broker/donald-gray
ADAMSTOWN,NSW,2289,Hayden Sarkis,https://findabroker.mfaa.com.au/broker/hayden-sarkis
ADAMSTOWN,NSW,2289,Josh Holt,https://findabroker.mfaa.com.au/broker/joshua-holt
ADAMSTOWN,NSW,2289,Danielle McNamara,https://findabroker.mfaa.com.au/broker/danielle-mcnamara
ADAMSTOWN,NSW,2289,Ben McCosh,https://findabroker.mfaa.com.au/broker/benjamin-mccosh
ADAMSTOWN,NSW,2289,Matthew McCredie,https://findabroker.mfaa.com.au/broker/matthew-mccredie
ADAMSTOWN,NSW,2289,Gregg Mountford,https://findabroker.mfaa.com.au/broker/gregg-mountford
ADAMSTOWN,NSW,2289,Michael Perkins,https://findabroker.mfaa.com.au/broker/michael-perkins-2
ADAMSTOWN,NSW,2289,Tricia Cook,https://findabroker.mfaa.com.au/broker/tricia-cook
ADAMSTOWN,NSW,2289,Brendan Sparke,https://findabroker.mfaa.com.au/broker/brendan-sparke
ADAMSTOWN,NSW,2289,Garry Capell,https://findabroker.mfaa.com.au/broker/garry-capell
ADAMSTOWN,NSW,2289,Dom Leah,https://findabroker.mfaa.com.au/broker/dominic-leah
ADAMSTOWN,NSW,2289,Jennifer McLeod,https://findabroker.mfaa.com.au/broker/jennifer-mcleod
ADAMSTOWN,NSW,2289,Phil Warren,https://findabroker.mfaa.com.au/broker/phillip-warren
ADAMSTOWN,NSW,2289,Brian Choo,https://findabroker.mfaa.com.au/broker/brian-choo
ADAMSTOWN,NSW,2289,Dylan Willcocks,https://findabroker.mfaa.com.au/broker/dylan-willcocks
ADAMSTOWN,NSW,2289,Paul Qian,https://findabroker.mfaa.com.au/broker/paul-qian
ADAMSTOWN,NSW,2289,Michelle Azzopardi,https://findabroker.mfaa.com.au/broker/michelle-azzopardi
ADAMSTOWN,NSW,2289,Peter Kapeleris,https://findabroker.mfaa.com.au/broker/peter-kapeleris
ADAMSTOWN,NSW,2289,Juan Cabrera,https://findabroker.mfaa.com.au/broker/juan-cabrera
ADAMSTOWN,NSW,2289,Justine Saunders,https://findabroker.mfaa.com.au/broker/justine-saunders
ADAMSTOWN,NSW,2289,Charles Zerafa,https://findabroker.mfaa.com.au/broker/charles-zerafa
ADAMSTOWN,NSW,2289,Daniel Mackay,https://findabroker.mfaa.com.au/broker/daniel-mackay
ADAMSTOWN,NSW,2289,Michael Flahive,https://findabroker.mfaa.com.au/broker/michael-flahive
ADAMSTOWN,NSW,2289,Deb Purvis,https://findabroker.mfaa.com.au/broker/deborah-purvis
ADAMSTOWN,NSW,2289,Branislav Kokinovic,https://findabroker.mfaa.com.au/broker/branislav-kokinovic
ADAMSTOWN,NSW,2289,Mahsa Lotfi,https://findabroker.mfaa.com.au/broker/mahsa-lotfi
ADAMSTOWN,NSW,2289,Matthew Stevens,https://findabroker.mfaa.com.au/broker/matthew-stevens
ADAMSTOWN,NSW,2289,Mark Berry,https://findabroker.mfaa.com.au/broker/mark-berry
ADAMSTOWN,NSW,2289,James Wilcock,https://findabroker.mfaa.com.au/broker/james-wilcock
ADAMSTOWN,NSW,2289,Tom Lipetri,https://findabroker.mfaa.com.au/broker/thomas-lipetri
ADAVALE,QLD,4474,Cam Huckett,https://findabroker.mfaa.com.au/broker/cameron-huckett
ADAVALE,QLD,4474,Brad Jinks,https://findabroker.mfaa.com.au/broker/brad-jinks
ADAVALE,QLD,4474,Tony Sherington,https://findabroker.mfaa.com.au/broker/anthony-sherington
ADAVALE,QLD,4474,Darren Chou,https://findabroker.mfaa.com.au/broker/darren-chou
ADAVALE,QLD,4474,Biaggi Leonadiputra,https://findabroker.mfaa.com.au/broker/biaggi-leonadiputra
ADAVALE,QLD,4474,Brock Lawton,https://findabroker.mfaa.com.au/broker/brock-lawton
ADAVALE,QLD,4474,Damian James,https://findabroker.mfaa.com.au/broker/damian-james
ADAVALE,QLD,4474,Atin Aggarwal,https://findabroker.mfaa.com.au/broker/atin-aggarwal
ADAVALE,QLD,4474,Ajay Muppalaneni,https://findabroker.mfaa.com.au/broker/ajay-muppalaneni
ADAVALE,QLD,4474,Andre Gerocarni Putrino,https://findabroker.mfaa.com.au/broker/andre-gerocarni-putrino
ADAVALE,QLD,4474,Cindy Celhar,https://findabroker.mfaa.com.au/broker/cindy-celhar
ADAVALE,QLD,4474,George Moussa,https://findabroker.mfaa.com.au/broker/george-moussa
ADAVALE,QLD,4474,Nathan Skipper,https://findabroker.mfaa.com.au/broker/nathan-skipper
ACTON PARK,TAS,7170,Shea Siddall,https://findabroker.mfaa.com.au/broker/shea-siddall
ACTON PARK,TAS,7170,Joe Parsons,https://findabroker.mfaa.com.au/broker/joseph-parsons
ACTON PARK,TAS,7170,Ben Mckay,https://findabroker.mfaa.com.au/broker/benjamin-mckay
ACTON PARK,TAS,7170,David Wedd,https://findabroker.mfaa.com.au/broker/david-wedd
ACTON PARK,TAS,7170,Luke Warner,https://findabroker.mfaa.com.au/broker/luke-warner
ACTON PARK,TAS,7170,Michelle Ewens,https://findabroker.mfaa.com.au/broker/michelle-ewens
ACTON PARK,TAS,7170,Adi Singh,https://findabroker.mfaa.com.au/broker/adhir-singh
ACTON PARK,TAS,7170,Patrick McMenamin,https://findabroker.mfaa.com.au/broker/patrick-mcmenamin
ACTON PARK,TAS,7170,Damian Mosca,https://findabroker.mfaa.com.au/broker/damian-mosca
ACTON PARK,TAS,7170,Jasmine Michel,https://findabroker.mfaa.com.au/broker/jasmine-michel
ACTON PARK,TAS,7170,Dane Henricksen,https://findabroker.mfaa.com.au/broker/dane-henricksen
ACTON PARK,TAS,7170,Mike Cormack,https://findabroker.mfaa.com.au/broker/michael-cormack
ACTON PARK,TAS,7170,Matt Clayton,https://findabroker.mfaa.com.au/broker/matthew-clayton
ACTON PARK,TAS,7170,Christiane Chen,https://findabroker.mfaa.com.au/broker/christiane-chen
ACTON PARK,TAS,7170,Andrew Stevenson,https://findabroker.mfaa.com.au/broker/andrew-stevenson
ACTON PARK,TAS,7170,Xu Wei,https://findabroker.mfaa.com.au/broker/xu-wei
ACTON PARK,TAS,7170,Joe Carbone,https://findabroker.mfaa.com.au/broker/giuseppe-carbone
ACTON PARK,TAS,7170,Luke Clarke,https://findabroker.mfaa.com.au/broker/luke-clarke
ACTON PARK,TAS,7170,Tracey Thomson,https://findabroker.mfaa.com.au/broker/tracey-thomson
ACTON PARK,TAS,7170,Fiona McLean,https://findabroker.mfaa.com.au/broker/fiona-mclean
ACTON PARK,TAS,7170,Benjamin Mitchell,https://findabroker.mfaa.com.au/broker/benjamin-mitchell
ACTON PARK,TAS,7170,Chad Kemp,https://findabroker.mfaa.com.au/broker/chad-kemp
ACTON PARK,TAS,7170,Leah Walkenhorst,https://findabroker.mfaa.com.au/broker/leah-walkenhorst
ACTON PARK,TAS,7170,John Sercia,https://findabroker.mfaa.com.au/broker/john-sercia
ACTON PARK,TAS,7170,Craig Short,https://findabroker.mfaa.com.au/broker/craig-short
ACTON PARK,TAS,7170,Mark Warren,https://findabroker.mfaa.com.au/broker/mark-warren
ACTON PARK,TAS,7170,Paul Warren,https://findabroker.mfaa.com.au/broker/paul-warren
ACTON PARK,TAS,7170,Karen Liew,https://findabroker.mfaa.com.au/broker/karen-liew
ACTON PARK,TAS,7170,Drewe Hawkesford,https://findabroker.mfaa.com.au/broker/drewe-hawkesford
ACTON PARK,TAS,7170,Franco Paiano,https://findabroker.mfaa.com.au/broker/francesco-paiano
ACTON PARK,TAS,7170,Nick Prestidge,https://findabroker.mfaa.com.au/broker/nicholas-prestidge
ACTON PARK,TAS,7170,Paul Ford,https://findabroker.mfaa.com.au/broker/paul-ford
ACTON PARK,TAS,7170,Nargis Zamany,https://findabroker.mfaa.com.au/broker/nargis-zamany
ACTON PARK,TAS,7170,Jacob Plant,https://findabroker.mfaa.com.au/broker/jacob-plant
ACTON PARK,TAS,7170,Mark Wilkinson,https://findabroker.mfaa.com.au/broker/mark-wilkinson
ACTON PARK,TAS,7170,Brett Lucas,https://findabroker.mfaa.com.au/broker/brett-lucas
ACTON PARK,TAS,7170,Kellie Pavelic,https://findabroker.mfaa.com.au/broker/kellie-lam-pavelic
ACTON PARK,TAS,7170,Lance Dewberry,https://findabroker.mfaa.com.au/broker/lance-dewberry
ACTON PARK,TAS,7170,Samantha Perez,https://findabroker.mfaa.com.au/broker/samantha-perez
ACTON PARK,TAS,7170,Steve Perez,https://findabroker.mfaa.com.au/broker/steven-perez
ADELAIDE,SA,5001,Belinda Woodley,https://findabroker.mfaa.com.au/broker/belinda-woodley
ADELAIDE,SA,5001,Emmanual Clironomos,https://findabroker.mfaa.com.au/broker/emmanual-clironomos
ADELAIDE,SA,5001,John McClure,https://findabroker.mfaa.com.au/broker/john-mcclure
ADELAIDE,SA,5001,Jordan Hagicostas,https://findabroker.mfaa.com.au/broker/jordan-hagicostas
ADELAIDE,SA,5001,Kyran Rose,https://findabroker.mfaa.com.au/broker/kyran-rose
ADELAIDE,SA,5001,Alex Quach,https://findabroker.mfaa.com.au/broker/alexander-quach
ADELAIDE,SA,5001,Kelly Smyth,https://findabroker.mfaa.com.au/broker/kelly-smyth
ADELAIDE,SA,5001,Thomas Vlahiotis,https://findabroker.mfaa.com.au/broker/thomas-vlahiotis
ADELAIDE,SA,5001,Navin Yadav,https://findabroker.mfaa.com.au/broker/navin-yadav
ADELAIDE,SA,5001,Bhakti Hevalekar,https://findabroker.mfaa.com.au/broker/bhakti-hevalekar
ADELAIDE,SA,5001,Teigan James,https://findabroker.mfaa.com.au/broker/teigan-james
ADELAIDE,SA,5001,Aldo Silvestri,https://findabroker.mfaa.com.au/broker/aldo-silvestri
ADELAIDE,SA,5001,Jatin Arora,https://findabroker.mfaa.com.au/broker/jatin-arora-2
ADELAIDE,SA,5001,Denholm Ashton,https://findabroker.mfaa.com.au/broker/denholm-ashton
ADELAIDE,SA,5001,Hemamalini Thamodarar,https://findabroker.mfaa.com.au/broker/hemamalini-thamodarar
ADELAIDE,SA,5001,Bishwas Bantawa Rai,https://findabroker.mfaa.com.au/broker/bishwas-bantawa-rai
ADELAIDE,SA,5001,Abu Tausif,https://findabroker.mfaa.com.au/broker/abu-naim-tausif
ADELAIDE,SA,5001,Reece Duthy,https://findabroker.mfaa.com.au/broker/reece-duthy
ADELAIDE,SA,5001,Paul Swanbury,https://findabroker.mfaa.com.au/broker/paul-swanbury
ADELAIDE,SA,5001,Michael Romeo,https://findabroker.mfaa.com.au/broker/michael-romeo
ADELAIDE,SA,5001,Mike Perger,https://findabroker.mfaa.com.au/broker/michael-perger
ADELAIDE,SA,5001,Jacob Fort,https://findabroker.mfaa.com.au/broker/jacob-fort
ADELAIDE,SA,5001,Cam Dunlop,https://findabroker.mfaa.com.au/broker/cam-dunlop
ADELAIDE,SA,5001,Bianca Zuvic,https://findabroker.mfaa.com.au/broker/bianca-zuvic
ADELAIDE,SA,5001,Shaun Massie,https://findabroker.mfaa.com.au/broker/shaun-massie
ACTON,TAS,7320,Sonie Dawson,https://findabroker.mfaa.com.au/broker/sonie-dawson
ACTON,TAS,7320,Graham Haughey,https://findabroker.mfaa.com.au/broker/graham-haughey
ACTON,TAS,7320,Simon Lancaster,https://findabroker.mfaa.com.au/broker/simon-lancaster
ACTON,TAS,7320,Mel Petrie,https://findabroker.mfaa.com.au/broker/melinda-petrie
ACTON,TAS,7320,Don Farquharson,https://findabroker.mfaa.com.au/broker/donald-farquharson
ACTON,TAS,7320,Jo Roberts,https://findabroker.mfaa.com.au/broker/joanne-roberts
ACTON,TAS,7320,Gordon Savic,https://findabroker.mfaa.com.au/broker/gordon-savic
ACTON,TAS,7320,Guy Williams,https://findabroker.mfaa.com.au/broker/guy-williams
ACTON,TAS,7320,Luke Barnes,https://findabroker.mfaa.com.au/broker/luke-barnes
ACTON,TAS,7320,Darren Grech,https://findabroker.mfaa.com.au/broker/darren-grech
ACTON,TAS,7320,Thayalan Mather,https://findabroker.mfaa.com.au/broker/thayalan-julius-mather
ACTON,TAS,7320,Christian Oskam,https://findabroker.mfaa.com.au/broker/christian-oskam
ACTON,TAS,7320,Daniel Kotaran,https://findabroker.mfaa.com.au/broker/danijel-kotaran
ACTON,TAS,7320,Jordan Fryer,https://findabroker.mfaa.com.au/broker/jordan-fryer
ACTON,TAS,7320,Paul Passey,https://findabroker.mfaa.com.au/broker/paul-passey
ACTON,TAS,7320,Laura Cajar,https://findabroker.mfaa.com.au/broker/laura-cajar
ACTON,TAS,7320,Cameron Spencer,https://findabroker.mfaa.com.au/broker/cameron-spencer
ACTON,TAS,7320,Christopher Floyd,https://findabroker.mfaa.com.au/broker/christopher-floyd
ACTON,TAS,7320,Ian Gerber,https://findabroker.mfaa.com.au/broker/ian-gerber
ACTON,TAS,7320,Nicholas Diles,https://findabroker.mfaa.com.au/broker/nicholas-diles
ACTON,TAS,7320,Peter Kozlowski,https://findabroker.mfaa.com.au/broker/peter-kozlowski
ACTON,TAS,7320,Pardeep Malik Singh,https://findabroker.mfaa.com.au/broker/pardeep-singh
ACTON,TAS,7320,Peter Baldock,https://findabroker.mfaa.com.au/broker/peter-baldock
ACTON,TAS,7320,Guntis Terauds,https://findabroker.mfaa.com.au/broker/guntis-terauds
ACTON,TAS,7320,Lochie Pretlove,https://findabroker.mfaa.com.au/broker/lachlan-pretlove
ACTON,TAS,7320,Jenny Morgan,https://findabroker.mfaa.com.au/broker/jennifer-morgan
ACTON,TAS,7320,Decy Kurniawan,https://findabroker.mfaa.com.au/broker/decy-kurniawan
ACTON,TAS,7320,Sunny Sawhney,https://findabroker.mfaa.com.au/broker/sanbir-sawhney
ACTON,TAS,7320,Hui Jiang,https://findabroker.mfaa.com.au/broker/hui-jiang
ACTON,TAS,7320,Matt Rigby,https://findabroker.mfaa.com.au/broker/matthew-rigby
ACTON,TAS,7320,Tim Bishop,https://findabroker.mfaa.com.au/broker/timothy-bishop
ACTON,TAS,7320,Debra Mills,https://findabroker.mfaa.com.au/broker/deborah-mills
ADAMS ESTATE,VIC,3984,Jackson Balmer,https://findabroker.mfaa.com.au/broker/jackson-balmer
ADAMS ESTATE,VIC,3984,Eli Melky,https://findabroker.mfaa.com.au/broker/elias-melky
ADAMS ESTATE,VIC,3984,Andrea Kerr,https://findabroker.mfaa.com.au/broker/andrea-kerr
ADAMS ESTATE,VIC,3984,Dave Hirst,https://findabroker.mfaa.com.au/broker/david-hirst
ADAMS ESTATE,VIC,3984,Izaac Quaife,https://findabroker.mfaa.com.au/broker/izaac-quaife
ADAMS ESTATE,VIC,3984,Adam Rigoni,https://findabroker.mfaa.com.au/broker/adam-rigoni
ADAMS ESTATE,VIC,3984,Dudu Ncube,https://findabroker.mfaa.com.au/broker/duduzane-ncube
ADAMS ESTATE,VIC,3984,Gema Veza,https://findabroker.mfaa.com.au/broker/gema-veza
ADAMS ESTATE,VIC,3984,Andrea Ventresca,https://findabroker.mfaa.com.au/broker/andrea-ventresca
ADAMS ESTATE,VIC,3984,Angelo Lekkas,https://findabroker.mfaa.com.au/broker/angelo-lekkas
ADAMS ESTATE,VIC,3984,Alisha Scappin,https://findabroker.mfaa.com.au/broker/alisha-scappin
ADAMS ESTATE,VIC,3984,Caroline Rolfe,https://findabroker.mfaa.com.au/broker/caroline-rolfe
ADAMS ESTATE,VIC,3984,Mark Collins,https://findabroker.mfaa.com.au/broker/mark-collins
ADAMS ESTATE,VIC,3984,Jaicari Noor,https://findabroker.mfaa.com.au/broker/jaicari-noor
ADELAIDE PARK,QLD,4703,Jamie Minto,https://findabroker.mfaa.com.au/broker/jamie-minto
ADELAIDE PARK,QLD,4703,Nick Bateup,https://findabroker.mfaa.com.au/broker/nicholas-bateup
ADELAIDE PARK,QLD,4703,Jill Lindsay,https://findabroker.mfaa.com.au/broker/jillian-lindsay
ADELAIDE PARK,QLD,4703,Colin Tierney,https://findabroker.mfaa.com.au/broker/colin-tierney
ADELAIDE PARK,QLD,4703,Adam Doolan,https://findabroker.mfaa.com.au/broker/adam-doolan
ADELAIDE PARK,QLD,4703,Dennis Ward-Fay,https://findabroker.mfaa.com.au/broker/dennis-ward-fay
ADELAIDE PARK,QLD,4703,James Symond,https://findabroker.mfaa.com.au/broker/james-symond
ADELAIDE PARK,QLD,4703,SJM Broking Pty Ltd Martin,https://findabroker.mfaa.com.au/broker/sean-martin
ADELAIDE PARK,QLD,4703,Brooke Renee Southey,https://findabroker.mfaa.com.au/broker/brooke-southey
ADELAIDE PARK,QLD,4703,Beatrice Baumann,https://findabroker.mfaa.com.au/broker/beatrice-baumann
ADELAIDE PARK,QLD,4703,Bree Wilson,https://findabroker.mfaa.com.au/broker/bree-wilson
ADELAIDE PARK,QLD,4703,Nathan Gudgeon,https://findabroker.mfaa.com.au/broker/nathan-gudgeon
ADELAIDE PARK,QLD,4703,Domenic De Filippi,https://findabroker.mfaa.com.au/broker/domenic-de-filippi
ADELAIDE PARK,QLD,4703,Cullen Haynes,https://findabroker.mfaa.com.au/broker/cullen-haynes
ADELAIDE PARK,QLD,4703,Matthew Alessandrino,https://findabroker.mfaa.com.au/broker/matthew-alessandrino
ADELAIDE PARK,QLD,4703,Luke Edwards,https://findabroker.mfaa.com.au/broker/luke-edwards
ADELAIDE PARK,QLD,4703,Adam Wadley,https://findabroker.mfaa.com.au/broker/adam-wadley
ADELAIDE PARK,QLD,4703,Angela Wang,https://findabroker.mfaa.com.au/broker/ling-ling-wang
ADELAIDE PARK,QLD,4703,Harley Radovan,https://findabroker.mfaa.com.au/broker/harley-radovan
ADELAIDE PARK,QLD,4703,Anthony Rickards,https://findabroker.mfaa.com.au/broker/anthony-rickards
ADELAIDE PARK,QLD,4703,Steve Reeves,https://findabroker.mfaa.com.au/broker/stephen-reeves
ADELAIDE PARK,QLD,4703,Diandra Tilocca,https://findabroker.mfaa.com.au/broker/diandra-tilocca
ADELAIDE PARK,QLD,4703,Michael Hoare,https://findabroker.mfaa.com.au/broker/michael-hoare
ADELAIDE PARK,QLD,4703,Anisha Piplani,https://findabroker.mfaa.com.au/broker/anisha-piplani
ADELAIDE PARK,QLD,4703,Malinda Callender,https://findabroker.mfaa.com.au/broker/malinda-callender
ADELAIDE PARK,QLD,4703,Mark Davis,https://findabroker.mfaa.com.au/broker/mark-davis-2
ADELAIDE PARK,QLD,4703,Sam Giardina,https://findabroker.mfaa.com.au/broker/sam-giardina
ADELAIDE PARK,QLD,4703,Catherine Borromei,https://findabroker.mfaa.com.au/broker/catherine-borromei
ADELAIDE PARK,QLD,4703,Andrew Black,https://findabroker.mfaa.com.au/broker/andrew-black
ADELAIDE PARK,QLD,4703,Josh Saunders,https://findabroker.mfaa.com.au/broker/joshua-saunders
ADELAIDE PARK,QLD,4703,Debra Rodrigues,https://findabroker.mfaa.com.au/broker/debra-rodrigues
ADARE,QLD,4343,Chiragkumar Barot,https://findabroker.mfaa.com.au/broker/chiragkumar-barot
ADARE,QLD,4343,Chloe Tobin,https://findabroker.mfaa.com.au/broker/chloe-tobin
ADELAIDE,SA,5000,Melissa Nicholson,https://findabroker.mfaa.com.au/broker/melissa-nicholson
ADELAIDE,SA,5000,John Dickson,https://findabroker.mfaa.com.au/broker/john-dickson
ADELAIDE,SA,5000,Jim Belevski,https://findabroker.mfaa.com.au/broker/jim-belevski
ADELAIDE,SA,5000,Stefan Belevski,https://findabroker.mfaa.com.au/broker/stefan-belevski
ADELAIDE,SA,5000,Trent Pilgrim,https://findabroker.mfaa.com.au/broker/trent-pilgrim
ADELAIDE,SA,5000,Mariangela Jones,https://findabroker.mfaa.com.au/broker/mariangela-jones
ADELAIDE,SA,5000,Paul Alvarado-Walsh,https://findabroker.mfaa.com.au/broker/paul-alvarado-walsh
ADDINGTON,VIC,3352,Brent Fitzpatrick,https://findabroker.mfaa.com.au/broker/brent-fitzpatrick
ADDINGTON,VIC,3352,Tony Gray,https://findabroker.mfaa.com.au/broker/anthony-gray
ADDINGTON,VIC,3352,David Barkla,https://findabroker.mfaa.com.au/broker/david-barkla
ADDINGTON,VIC,3352,Marianne Snaidero,https://findabroker.mfaa.com.au/broker/marianne-snaidero
ADDINGTON,VIC,3352,Margo Francis,https://findabroker.mfaa.com.au/broker/margo-francis
ADDINGTON,VIC,3352,Alex Ralec,https://findabroker.mfaa.com.au/broker/alexander-ralec
ADDINGTON,VIC,3352,Anthony Windress,https://findabroker.mfaa.com.au/broker/anthony-windress
ADDINGTON,VIC,3352,Domenic Fontana,https://findabroker.mfaa.com.au/broker/domenic-fontana
ADDINGTON,VIC,3352,Acacia Cooper,https://findabroker.mfaa.com.au/broker/acacia-cooper
ADDINGTON,VIC,3352,Adrian Peacock,https://findabroker.mfaa.com.au/broker/adrian-peacock
ADDINGTON,VIC,3352,Don Goh,https://findabroker.mfaa.com.au/broker/don-goh
ADDINGTON,VIC,3352,Jun Hyun,https://findabroker.mfaa.com.au/broker/jun-hyun
ADDINGTON,VIC,3352,Narinder Singh,https://findabroker.mfaa.com.au/broker/narinder-singh
ADDINGTON,VIC,3352,Nik Preiner,https://findabroker.mfaa.com.au/broker/nikolai-preiner
ADDINGTON,VIC,3352,Gavin Boardley,https://findabroker.mfaa.com.au/broker/gavin-boardley
ADDINGTON,VIC,3352,Karen Murphy,https://findabroker.mfaa.com.au/broker/karen-murphy
ADDINGTON,VIC,3352,Anthony Gerungan,https://findabroker.mfaa.com.au/broker/anthony-gerungan
ADDINGTON,VIC,3352,Karen Cruise,https://findabroker.mfaa.com.au/broker/karen-cruise
ADDINGTON,VIC,3352,Neil Barker,https://findabroker.mfaa.com.au/broker/neil-barker
ADDINGTON,VIC,3352,Amanda Kaur,https://findabroker.mfaa.com.au/broker/amandeep-kaur
ADDINGTON,VIC,3352,Chris Hegney,https://findabroker.mfaa.com.au/broker/christopher-hegney
ADDINGTON,VIC,3352,Guy Ogier,https://findabroker.mfaa.com.au/broker/guy-ogier
ADDINGTON,VIC,3352,Brandon Hine,https://findabroker.mfaa.com.au/broker/brandon-hine
AEROGLEN,QLD,4870,Kerry Salerno,https://findabroker.mfaa.com.au/broker/kerry-salerno
AEROGLEN,QLD,4870,Joby Mathew,https://findabroker.mfaa.com.au/broker/joby-mathew
AEROGLEN,QLD,4870,Phillip Tucker,https://findabroker.mfaa.com.au/broker/phillip-tucker
AEROGLEN,QLD,4870,Andrew Diamond,https://findabroker.mfaa.com.au/broker/andrew-diamond
AEROGLEN,QLD,4870,Neil Lorrigan,https://findabroker.mfaa.com.au/broker/neil-lorrigan
AEROGLEN,QLD,4870,Prarthi Pandey,https://findabroker.mfaa.com.au/broker/prarthi-pandey
AEROGLEN,QLD,4870,George Wang,https://findabroker.mfaa.com.au/broker/anmin-wang
AEROGLEN,QLD,4870,Jenny Kam,https://findabroker.mfaa.com.au/broker/jenny-kam
AEROGLEN,QLD,4870,Andrew Sawyer,https://findabroker.mfaa.com.au/broker/andrew-sawyer
AEROGLEN,QLD,4870,Kevin Gao,https://findabroker.mfaa.com.au/broker/chengpeng-gao
AEROGLEN,QLD,4870,Lin Miller,https://findabroker.mfaa.com.au/broker/linda-miller
AEROGLEN,QLD,4870,Jo Lentini,https://findabroker.mfaa.com.au/broker/joseph-lentini-2
AEROGLEN,QLD,4870,Kim Phuong Dao,https://findabroker.mfaa.com.au/broker/kim-dao-2
AEROGLEN,QLD,4870,Aaron Fahy,https://findabroker.mfaa.com.au/broker/aaron-fahy
AEROGLEN,QLD,4870,Joshua Crowther,https://findabroker.mfaa.com.au/broker/joshua-crowther
AEROGLEN,QLD,4870,Michael Scully,https://findabroker.mfaa.com.au/broker/michael-scully
ADELAIDE AIRPORT,SA,5950,Jehan Fernando,https://findabroker.mfaa.com.au/broker/tewarasige-fernando
ADELAIDE AIRPORT,SA,5950,Amanda Stibbard,https://findabroker.mfaa.com.au/broker/amanda-stibbard
ADELAIDE AIRPORT,SA,5950,Claire Bee,https://findabroker.mfaa.com.au/broker/claire-bee
AGNES BANKS,NSW,2753,Deb Kelly,https://findabroker.mfaa.com.au/broker/deborah-kelly
AGNES BANKS,NSW,2753,Damian Griggs,https://findabroker.mfaa.com.au/broker/damian-griggs
AGNES BANKS,NSW,2753,Amber Tamaka,https://findabroker.mfaa.com.au/broker/amber-tamaka
AGNES BANKS,NSW,2753,Des McDaid,https://findabroker.mfaa.com.au/broker/john-mcdaid
AGNES BANKS,NSW,2753,Trevor Coutinho,https://findabroker.mfaa.com.au/broker/trevor-coutinho
AGNES BANKS,NSW,2753,Laura Beaini,https://findabroker.mfaa.com.au/broker/laura-beaini
AGNES BANKS,NSW,2753,Mike Barrett,https://findabroker.mfaa.com.au/broker/michael-barrett
AGNES BANKS,NSW,2753,Jen Klippel,https://findabroker.mfaa.com.au/broker/jennifer-klippel
AGNES BANKS,NSW,2753,Grace Green,https://findabroker.mfaa.com.au/broker/grace-green
AGNES BANKS,NSW,2753,Francis Raymond,https://findabroker.mfaa.com.au/broker/francis-raymond
AGNES BANKS,NSW,2753,Deb Packard,https://findabroker.mfaa.com.au/broker/deborah-packard
AGNES BANKS,NSW,2753,Carmel Cappelleri,https://findabroker.mfaa.com.au/broker/carmel-cappelleri
AGNES BANKS,NSW,2753,Michael Buceto,https://findabroker.mfaa.com.au/broker/michael-buceto
AGNES BANKS,NSW,2753,Lisa Holman,https://findabroker.mfaa.com.au/broker/lisa-holman
AGNES BANKS,NSW,2753,Chris Straw,https://findabroker.mfaa.com.au/broker/christopher-straw
AGNES BANKS,NSW,2753,Richard Recordon,https://findabroker.mfaa.com.au/broker/richard-recordon
AGNES BANKS,NSW,2753,Christine Obeid,https://findabroker.mfaa.com.au/broker/christine-obeid
AGNES BANKS,NSW,2753,Milivoj Macura,https://findabroker.mfaa.com.au/broker/milivoj-macura
AGNES BANKS,NSW,2753,Mandy Cai,https://findabroker.mfaa.com.au/broker/hongyan-cai
AGNES BANKS,NSW,2753,Lee Shim,https://findabroker.mfaa.com.au/broker/lee-shim
AGNES BANKS,NSW,2753,Jake Jones,https://findabroker.mfaa.com.au/broker/jake-jones
AGNES BANKS,NSW,2753,Timothy Murphy,https://findabroker.mfaa.com.au/broker/timothy-murphy-2
AGNES BANKS,NSW,2753,Lauren Chapple,https://findabroker.mfaa.com.au/broker/lauren-chapple
AGNES BANKS,NSW,2753,Louise Sandberg,https://findabroker.mfaa.com.au/broker/louise-marguerite-sandberg
AINTREE,VIC,3336,Ankit Nakra,https://findabroker.mfaa.com.au/broker/ankit-nakra
AINTREE,VIC,3336,Apurba Sarker,https://findabroker.mfaa.com.au/broker/apurba-sarker
AINTREE,VIC,3336,Harpreet Singh,https://findabroker.mfaa.com.au/broker/harpreet-singh
AINTREE,VIC,3336,Harshkumar Joshi,https://findabroker.mfaa.com.au/broker/harshkumar-joshi
AINTREE,VIC,3336,Annie Papagrigoriou,https://findabroker.mfaa.com.au/broker/annette-papagrigoriou
AINTREE,VIC,3336,Hitesh Vyas,https://findabroker.mfaa.com.au/broker/hitesh-vyas
AINTREE,VIC,3336,Anthony Stone,https://findabroker.mfaa.com.au/broker/anthony-stone
AINTREE,VIC,3336,Varinder Singh,https://findabroker.mfaa.com.au/broker/varinder-singh
AINTREE,VIC,3336,Venkat Kasam,https://findabroker.mfaa.com.au/broker/venkat-kasam
AINTREE,VIC,3336,Matt Kea,https://findabroker.mfaa.com.au/broker/matthew-kea
AINTREE,VIC,3336,Kyp Kyprou,https://findabroker.mfaa.com.au/broker/kypros-kyprou
AINTREE,VIC,3336,Steve Stewart,https://findabroker.mfaa.com.au/broker/stephen-stewart
AINTREE,VIC,3336,Brett Richardson,https://findabroker.mfaa.com.au/broker/brett-richardson
AINTREE,VIC,3336,Maryam Samiee,https://findabroker.mfaa.com.au/broker/maryam-samiee
AINTREE,VIC,3336,John Sader,https://findabroker.mfaa.com.au/broker/johny-sader
AINTREE,VIC,3336,Ben Herden,https://findabroker.mfaa.com.au/broker/benjamin-herden
AINTREE,VIC,3336,Anthony Woodman,https://findabroker.mfaa.com.au/broker/anthony-woodman
AINTREE,VIC,3336,Jay Kendrick,https://findabroker.mfaa.com.au/broker/jay-kendrick
AINTREE,VIC,3336,Martin Lau,https://findabroker.mfaa.com.au/broker/martin-lau
AINTREE,VIC,3336,Mick Ristevski,https://findabroker.mfaa.com.au/broker/mihailo-ristevski
AINTREE,VIC,3336,Jyoti Bhatia,https://findabroker.mfaa.com.au/broker/jyoti-bhatia
AINTREE,VIC,3336,Jason Noel,https://findabroker.mfaa.com.au/broker/jason-noel
AINTREE,VIC,3336,Lawrence Doumtsis,https://findabroker.mfaa.com.au/broker/lawrence-doumtsis
AINTREE,VIC,3336,Jeannette Estephan,https://findabroker.mfaa.com.au/broker/jeannette-estephan
AINTREE,VIC,3336,Nazifa Salim,https://findabroker.mfaa.com.au/broker/nazifa-salim
AINTREE,VIC,3336,Jenny Valaydon Krishnan Nair,https://findabroker.mfaa.com.au/broker/kanagambaal-valaydon-krishnan-nair
AINTREE,VIC,3336,James Douglas,https://findabroker.mfaa.com.au/broker/james-douglas
AINTREE,VIC,3336,Stuart Morrow,https://findabroker.mfaa.com.au/broker/stuart-morrow
AINTREE,VIC,3336,Justus Cloete,https://findabroker.mfaa.com.au/broker/justus-cloete
AINTREE,VIC,3336,Cheryl Kopec,https://findabroker.mfaa.com.au/broker/cheryl-kopec
AINTREE,VIC,3336,Craig Low,https://findabroker.mfaa.com.au/broker/craig-low
AINTREE,VIC,3336,Akbar Nathani,https://findabroker.mfaa.com.au/broker/akbar-nathani
AINSLIE,ACT,2602,Lola Lumi,https://findabroker.mfaa.com.au/broker/driola-lumi
AINSLIE,ACT,2602,James Pardenilla,https://findabroker.mfaa.com.au/broker/james-emmanuel-pardenilla
AINSLIE,ACT,2602,Brad Wood,https://findabroker.mfaa.com.au/broker/bradley-wood
AINSLIE,ACT,2602,Brent Taylor,https://findabroker.mfaa.com.au/broker/brent-taylor
AINSLIE,ACT,2602,Kira Milton,https://findabroker.mfaa.com.au/broker/kira-milton
AINSLIE,ACT,2602,Aoife Farrell,https://findabroker.mfaa.com.au/broker/aoife-farrell
AINSLIE,ACT,2602,Andrew Patterson,https://findabroker.mfaa.com.au/broker/andrew-patterson
AINSLIE,ACT,2602,Joanna Reading,https://findabroker.mfaa.com.au/broker/joanna-reading
AINSLIE,ACT,2602,Ryan Robson,https://findabroker.mfaa.com.au/broker/ryan-robson
AINSLIE,ACT,2602,Eden Bidois,https://findabroker.mfaa.com.au/broker/eden-bidois
AINSLIE,ACT,2602,Tony Fang,https://findabroker.mfaa.com.au/broker/haoran-tony-fang
AIRLY,VIC,3851,Han Mackie,https://findabroker.mfaa.com.au/broker/hannah-mackie
AIRLY,VIC,3851,Nathan Wright,https://findabroker.mfaa.com.au/broker/nathan-wright
AIRLY,VIC,3851,Alexander McAllum,https://findabroker.mfaa.com.au/broker/alexander-mcallum
AIRLY,VIC,3851,Michelle Bridges,https://findabroker.mfaa.com.au/broker/michelle-bridges
AIRDS,NSW,2560,Laura Sheridan,https://findabroker.mfaa.com.au/broker/laura-sheridan
AIRDS,NSW,2560,Jerry O'Brien,https://findabroker.mfaa.com.au/broker/jeremiah-obrien
AIRDS,NSW,2560,Elisa Smith,https://findabroker.mfaa.com.au/broker/elisa-smith
AIRDS,NSW,2560,Gagandeep Singh,https://findabroker.mfaa.com.au/broker/gagandeep-singh
AIRDS,NSW,2560,Martin Reichert,https://findabroker.mfaa.com.au/broker/martin-reichert
AIRDS,NSW,2560,Arash Singh,https://findabroker.mfaa.com.au/broker/arashdeep-singh
AIRDS,NSW,2560,Barry Lynam,https://findabroker.mfaa.com.au/broker/barry-lynam
AIRDS,NSW,2560,Michelle Plush Plush,https://findabroker.mfaa.com.au/broker/michelle-plush
AIRDS,NSW,2560,Denise Walters,https://findabroker.mfaa.com.au/broker/denise-walters
AIRDS,NSW,2560,Kirsty Wilkie,https://findabroker.mfaa.com.au/broker/kirsty-wilkie
AIRDS,NSW,2560,Mitchell Anderson,https://findabroker.mfaa.com.au/broker/mitchell-anderson
AIRDS,NSW,2560,Mary Broadhurst,https://findabroker.mfaa.com.au/broker/mary-broadhurst
AIRDS,NSW,2560,Max Sacristani,https://findabroker.mfaa.com.au/broker/max-sacristani
AIRDS,NSW,2560,David Zhu,https://findabroker.mfaa.com.au/broker/haocheng-zhu
AIRDS,NSW,2560,Mick Giddins,https://findabroker.mfaa.com.au/broker/michael-giddins
AIRDS,NSW,2560,Stacey Rossiter,https://findabroker.mfaa.com.au/broker/stacey-rossiter
ADVANCETOWN,QLD,4211,Douglas Coghlan,https://findabroker.mfaa.com.au/broker/douglas-coghlan
ADVANCETOWN,QLD,4211,David Humphreys,https://findabroker.mfaa.com.au/broker/david-humphreys
ADVANCETOWN,QLD,4211,Melissa White,https://findabroker.mfaa.com.au/broker/melissa-white
ADVANCETOWN,QLD,4211,Brooke Juracic,https://findabroker.mfaa.com.au/broker/brooke-juracic
ADVANCETOWN,QLD,4211,Jason Garner,https://findabroker.mfaa.com.au/broker/jason-garner
ADVANCETOWN,QLD,4211,Kelvin Tang,https://findabroker.mfaa.com.au/broker/kelvin-tang
ADVANCETOWN,QLD,4211,Adam Witalik,https://findabroker.mfaa.com.au/broker/adam-witalik
ADVANCETOWN,QLD,4211,Darren Parker,https://findabroker.mfaa.com.au/broker/darren-parker
ADVANCETOWN,QLD,4211,Ash Waldron,https://findabroker.mfaa.com.au/broker/ashley-waldron
ADVANCETOWN,QLD,4211,Daniel Endor,https://findabroker.mfaa.com.au/broker/daniel-endor
ADVANCETOWN,QLD,4211,Johan Kaese,https://findabroker.mfaa.com.au/broker/johannes-kaese
ADVANCETOWN,QLD,4211,Rhys Kelly,https://findabroker.mfaa.com.au/broker/rhys-kelly
ADVANCETOWN,QLD,4211,Julia Azzopardi,https://findabroker.mfaa.com.au/broker/julia-azzopardi
ADVANCETOWN,QLD,4211,Craig Duncombe,https://findabroker.mfaa.com.au/broker/craig-duncombe
ADVANCETOWN,QLD,4211,Steven Sing,https://findabroker.mfaa.com.au/broker/steven-sing
ADVANCETOWN,QLD,4211,Andrew Chapman,https://findabroker.mfaa.com.au/broker/andrew-chapman
ADVANCETOWN,QLD,4211,Patrick Dysart,https://findabroker.mfaa.com.au/broker/patrick-dysart
ADVANCETOWN,QLD,4211,Emily Wockner,https://findabroker.mfaa.com.au/broker/emily-wockner
ADVANCETOWN,QLD,4211,Matty McGrath,https://findabroker.mfaa.com.au/broker/matthew-mcgrath
ADVANCETOWN,QLD,4211,Sreedharan Iyer,https://findabroker.mfaa.com.au/broker/sreedharan-iyer
ADVANCETOWN,QLD,4211,Peggy Wang,https://findabroker.mfaa.com.au/broker/shiran-wang
ADVANCETOWN,QLD,4211,Melissa Pasquale,https://findabroker.mfaa.com.au/broker/melissa-pasquale
ADVANCETOWN,QLD,4211,Hayden Hinds-Sydenham,https://findabroker.mfaa.com.au/broker/hayden-hinds-sydenham
ADVANCETOWN,QLD,4211,Candice Neels,https://findabroker.mfaa.com.au/broker/candice-neels
ADVANCETOWN,QLD,4211,Jessica Bergroth,https://findabroker.mfaa.com.au/broker/jessica-bergroth
AIRLIE BEACH,QLD,4802,Adele Astrand,https://findabroker.mfaa.com.au/broker/adele-astrand
AIRLIE BEACH,QLD,4802,Diana Goh Goh,https://findabroker.mfaa.com.au/broker/diana-goh
AIRLIE BEACH,QLD,4802,Joanne Liddell,https://findabroker.mfaa.com.au/broker/joanne-liddell
AIRLIE BEACH,QLD,4802,Ian Sloss,https://findabroker.mfaa.com.au/broker/ian-sloss
AIRLIE BEACH,QLD,4802,Isabella Constantinou,https://findabroker.mfaa.com.au/broker/isabella-constantinou
AIRLIE BEACH,QLD,4802,James Margan,https://findabroker.mfaa.com.au/broker/james-margan
AIRLIE BEACH,QLD,4802,Courtney Hey,https://findabroker.mfaa.com.au/broker/courtney-hey
AITKENVALE,QLD,4814,Ash Evans,https://findabroker.mfaa.com.au/broker/ashley-evans
AITKENVALE,QLD,4814,Denise Jarvis,https://findabroker.mfaa.com.au/broker/denise-jarvis
AITKENVALE,QLD,4814,Angelique Dobbe,https://findabroker.mfaa.com.au/broker/angelique-dobbe
AITKENVALE,QLD,4814,Sara Edwards,https://findabroker.mfaa.com.au/broker/sara-edwards
AITKENVALE,QLD,4814,Chris Giovenco,https://findabroker.mfaa.com.au/broker/christopher-giovenco
AITKENVALE,QLD,4814,Damian Day,https://findabroker.mfaa.com.au/broker/damian-day
AITKENVALE,QLD,4814,Tony Ruvolo,https://findabroker.mfaa.com.au/broker/antonino-ruvolo
AITKENVALE,QLD,4814,Charbel Dagher,https://findabroker.mfaa.com.au/broker/charbel-dagher
AITKENVALE,QLD,4814,Renee Taggart,https://findabroker.mfaa.com.au/broker/renee-taggart
AITKENVALE,QLD,4814,Daniel Blazquez Kuehn,https://findabroker.mfaa.com.au/broker/daniel-blazquez-kuehn
AITKENVALE,QLD,4814,Anita Abrahams,https://findabroker.mfaa.com.au/broker/anita-abrahams
AITKENVALE,QLD,4814,Harry Hills,https://findabroker.mfaa.com.au/broker/harold-hills
AITKENVALE,QLD,4814,Ben Murat,https://findabroker.mfaa.com.au/broker/benjamin-murat
AITKENVALE,QLD,4814,Suzanne Luquero,https://findabroker.mfaa.com.au/broker/suzanne-luquero
AITKENVALE,QLD,4814,John Athanas,https://findabroker.mfaa.com.au/broker/john-athanas
AITKENVALE,QLD,4814,Mark Lim Lim,https://findabroker.mfaa.com.au/broker/mark-zhi-fong-lim
AITKENVALE,QLD,4814,Nick Ingham,https://findabroker.mfaa.com.au/broker/nicholas-ingham
ALBANY CREEK,QLD,4035,Meena Bebawy,https://findabroker.mfaa.com.au/broker/meena-bebawy
ALBANY CREEK,QLD,4035,Thomas Mallavarapu,https://findabroker.mfaa.com.au/broker/maraiah-mallavarapu
ALBANY CREEK,QLD,4035,George Massa,https://findabroker.mfaa.com.au/broker/george-massa
ALBANY CREEK,QLD,4035,Connor Murray,https://findabroker.mfaa.com.au/broker/connor-murray
ALBANY CREEK,QLD,4035,Heath Thompson,https://findabroker.mfaa.com.au/broker/heath-thompson
ALBANY CREEK,QLD,4035,Mark Sterpin,https://findabroker.mfaa.com.au/broker/mark-sterpin
ALBANY CREEK,QLD,4035,Steve Martin,https://findabroker.mfaa.com.au/broker/steven-martin-2
ALBANY CREEK,QLD,4035,Christopher Vakas,https://findabroker.mfaa.com.au/broker/christopher-vakas
ALBANY CREEK,QLD,4035,Atul Khadka,https://findabroker.mfaa.com.au/broker/atul-khadka
ALBANY CREEK,QLD,4035,Adrian Cross,https://findabroker.mfaa.com.au/broker/adrian-cross
ALBANY CREEK,QLD,4035,Michael Weir,https://findabroker.mfaa.com.au/broker/michael-weir
AIREYS INLET,VIC,3231,Damien Cribben,https://findabroker.mfaa.com.au/broker/damien-cribben
AIREYS INLET,VIC,3231,Peter Cribben,https://findabroker.mfaa.com.au/broker/peter-cribben
AIREYS INLET,VIC,3231,Dean Prosser,https://findabroker.mfaa.com.au/broker/dean-prosser
AIREYS INLET,VIC,3231,Darren Utz,https://findabroker.mfaa.com.au/broker/darren-utz
AIREYS INLET,VIC,3231,Helmut Berger,https://findabroker.mfaa.com.au/broker/helmut-berger
AIREYS INLET,VIC,3231,Doug Owens,https://findabroker.mfaa.com.au/broker/douglas-owens
AIREYS INLET,VIC,3231,David Murray,https://findabroker.mfaa.com.au/broker/david-murray-4
ALBANY,WA,6330,Kun Li,https://findabroker.mfaa.com.au/broker/kun-li
ALBANY,WA,6330,Ye Qing Chai,https://findabroker.mfaa.com.au/broker/ye-qing-chai
ALBANY,WA,6330,Hannah Richards,https://findabroker.mfaa.com.au/broker/hannah-richards
ALBANY,WA,6330,Arron Baker,https://findabroker.mfaa.com.au/broker/arron-baker
ALBANY,WA,6330,Lily McMahon,https://findabroker.mfaa.com.au/broker/lily-mcmahon
ALBANY,WA,6330,Jason Woon,https://findabroker.mfaa.com.au/broker/jason-woon
ALBANY,WA,6330,John Wang,https://findabroker.mfaa.com.au/broker/jian-wang
ALBANY,WA,6330,Dave Barnes,https://findabroker.mfaa.com.au/broker/david-barnes
ALBERTON,QLD,4207,Elisha Coutts,https://findabroker.mfaa.com.au/broker/elisha-coutts
ALBERTON,QLD,4207,Shane Croot,https://findabroker.mfaa.com.au/broker/shane-croot
ALBERTON,QLD,4207,Adam Williams,https://findabroker.mfaa.com.au/broker/adam-williams
ALBERTON,QLD,4207,Adam Bray,https://findabroker.mfaa.com.au/broker/adam-bray
ALBERTON,QLD,4207,Deanna Gerges,https://findabroker.mfaa.com.au/broker/deanna-gerges
ALBERTON,QLD,4207,Sid Arida,https://findabroker.mfaa.com.au/broker/sid-arida
ALBERTON,QLD,4207,Fatima Dib,https://findabroker.mfaa.com.au/broker/fatima-dib
ALBERTON,QLD,4207,Vivek Anand,https://findabroker.mfaa.com.au/broker/vivek-anand
ALBERTON,QLD,4207,Sai Chaturvedula,https://findabroker.mfaa.com.au/broker/saipranay-chaturvedula
ALBERTON,QLD,4207,Adam Howard,https://findabroker.mfaa.com.au/broker/adam-howard
AIRPORT WEST,VIC,3042,Harry Isik,https://findabroker.mfaa.com.au/broker/hayrettin-isik
AIRPORT WEST,VIC,3042,Hish Kasem,https://findabroker.mfaa.com.au/broker/hisham-kasem
AIRPORT WEST,VIC,3042,James Lee-Tet,https://findabroker.mfaa.com.au/broker/james-lee-tet
AIRPORT WEST,VIC,3042,Chris Angus,https://findabroker.mfaa.com.au/broker/christopher-angus-2
ALBERT PARK,VIC,3206,Greg Pierlot,https://findabroker.mfaa.com.au/broker/gregory-pierlot
ALBION,QLD,4010,Santhosh Pezhumkattil Jose,https://findabroker.mfaa.com.au/broker/santhosh-pezhumkattil-jose
ALBION,QLD,4010,Melinda Bowman,https://findabroker.mfaa.com.au/broker/melinda-bowman
ALDERLEY,QLD,4051,Kathrine Dodd,https://findabroker.mfaa.com.au/broker/kathrine-dodd
ALDGATE,SA,5154,Heidi Groom,https://findabroker.mfaa.com.au/broker/heidi-groom
ALDGATE,SA,5154,Kubilay Ozmen,https://findabroker.mfaa.com.au/broker/kubilay-ozmen
ALDGATE,SA,5154,Mark Wilkins,https://findabroker.mfaa.com.au/broker/mark-wilkins
ALDGATE,SA,5154,Michelle Birch,https://findabroker.mfaa.com.au/broker/michelle-birch
ALDGATE,SA,5154,Claudia Vittozzi,https://findabroker.mfaa.com.au/broker/claudia-vittozzi
ALDGATE,SA,5154,Jeff Wright,https://findabroker.mfaa.com.au/broker/jeffrey-wright
ALBANVALE,VIC,3021,Tushar Joshi,https://findabroker.mfaa.com.au/broker/tushar-joshi
ALBANVALE,VIC,3021,Deji Iyiola,https://findabroker.mfaa.com.au/broker/ayodeji-iyiola
ALBANVALE,VIC,3021,DHARAMVEER Singh,https://findabroker.mfaa.com.au/broker/dharamveer-singh
ALBANVALE,VIC,3021,Ramnnish Sharma,https://findabroker.mfaa.com.au/broker/ramnnish-sharma
ALBION PARK,NSW,2527,Ethan Stein,https://findabroker.mfaa.com.au/broker/ethan-stein
ALBION PARK,NSW,2527,Jignesh Vyas,https://findabroker.mfaa.com.au/broker/jigneshkumar-pravinchandra-vyas
ALBION PARK,NSW,2527,Albi Homann,https://findabroker.mfaa.com.au/broker/alberto-homann
ALBION PARK,NSW,2527,Geoff Taylor,https://findabroker.mfaa.com.au/broker/geoffrey-taylor
ALBION PARK,NSW,2527,Lisa Wilkinson,https://findabroker.mfaa.com.au/broker/lisa-wilkinson-2
ALBION PARK,NSW,2527,Steve McCloskey,https://findabroker.mfaa.com.au/broker/steven-mccloskey
ALBION PARK,NSW,2527,Ben Glasgow,https://findabroker.mfaa.com.au/broker/benjamin-glasgow
ALBION PARK,NSW,2527,Lance Rowlands,https://findabroker.mfaa.com.au/broker/lance-rowlands
ALBION PARK,NSW,2527,Michael Brazel,https://findabroker.mfaa.com.au/broker/michael-brazel
ALBION PARK,NSW,2527,Michael Henry-Heino,https://findabroker.mfaa.com.au/broker/michael-henry-heino
ALBION PARK,NSW,2527,Michael Noonan,https://findabroker.mfaa.com.au/broker/michael-noonan
ALBION PARK,NSW,2527,Jeet Parikh,https://findabroker.mfaa.com.au/broker/jeetshrey-parikh
ALBION PARK,NSW,2527,Nina Hu,https://findabroker.mfaa.com.au/broker/ning-hu
ALBION PARK,NSW,2527,Jamie Cavenagh-Mainwaring,https://findabroker.mfaa.com.au/broker/james-cavenagh-mainwaring
ALBION PARK,NSW,2527,Arif Hazara,https://findabroker.mfaa.com.au/broker/arif-hazara
ALBION PARK,NSW,2527,Ben Papps,https://findabroker.mfaa.com.au/broker/benjamin-papps
ALBION PARK,NSW,2527,Michael Welton,https://findabroker.mfaa.com.au/broker/michael-welton
ALBION PARK,NSW,2527,Binod Mainali,https://findabroker.mfaa.com.au/broker/binod-prasad-mainali
ALDOGA,QLD,4694,Brad Parkes,https://findabroker.mfaa.com.au/broker/bradley-parkes
ALDOGA,QLD,4694,Peter Wotherspoon,https://findabroker.mfaa.com.au/broker/peter-wotherspoon
ALBERTON,SA,5014,Jason Bailey,https://findabroker.mfaa.com.au/broker/jason-bailey
ALFORDS POINT,NSW,2234,Reece Genadt,https://findabroker.mfaa.com.au/broker/reece-genadt
ALFORDS POINT,NSW,2234,Adam Reed,https://findabroker.mfaa.com.au/broker/adam-reed
ALFORDS POINT,NSW,2234,Maria Finneran,https://findabroker.mfaa.com.au/broker/maria-finneran
ALFORDS POINT,NSW,2234,Kevin Xin,https://findabroker.mfaa.com.au/broker/kevin-shujia-xin
ALFORDS POINT,NSW,2234,Elena Petrova,https://findabroker.mfaa.com.au/broker/elena-petrova
ALFORDS POINT,NSW,2234,Karen Haylings,https://findabroker.mfaa.com.au/broker/karen-haylings
ALFORDS POINT,NSW,2234,Sam Cooper,https://findabroker.mfaa.com.au/broker/samuel-cooper
ALFORDS POINT,NSW,2234,Manish Joshi,https://findabroker.mfaa.com.au/broker/manish-joshi
ALFORDS POINT,NSW,2234,Frances Pirovic,https://findabroker.mfaa.com.au/broker/frances-pirovic
ALFORDS POINT,NSW,2234,Camilla Motta Defilippi,https://findabroker.mfaa.com.au/broker/camilla-motta-defilippi
ALFORDS POINT,NSW,2234,Michael Ross,https://findabroker.mfaa.com.au/broker/michael-ross
ALFORDS POINT,NSW,2234,Natalie Ross,https://findabroker.mfaa.com.au/broker/natalie-ross
ALFORDS POINT,NSW,2234,John Greige,https://findabroker.mfaa.com.au/broker/john-greige
ALFORDS POINT,NSW,2234,Hilary Smith,https://findabroker.mfaa.com.au/broker/hilary-smith
ALFORDS POINT,NSW,2234,Amanda Fraser,https://findabroker.mfaa.com.au/broker/amanda-fraser
ALFORDS POINT,NSW,2234,Simone Spiteri,https://findabroker.mfaa.com.au/broker/simone-spiteri
ALFORDS POINT,NSW,2234,Angela Zhou,https://findabroker.mfaa.com.au/broker/bin-zhou
ALFORDS POINT,NSW,2234,Sean Willett,https://findabroker.mfaa.com.au/broker/sean-willett
ALEXANDRA,QLD,4740,Blake Chandler,https://findabroker.mfaa.com.au/broker/blake-chandler
ALEXANDRA,QLD,4740,Laurence Adelman,https://findabroker.mfaa.com.au/broker/laurence-adelman-2
ALEXANDRA,QLD,4740,James OBrien,https://findabroker.mfaa.com.au/broker/james-obrien
ALEXANDRA,QLD,4740,Kelsey Bushell,https://findabroker.mfaa.com.au/broker/kelsey-bushell
ALEXANDRA,QLD,4740,Hassi Anwar,https://findabroker.mfaa.com.au/broker/a-n-m-hasibul-anwar
ALEXANDRA,QLD,4740,Lorenzo Deza,https://findabroker.mfaa.com.au/broker/lorenzo-deza
ALEXANDRA,QLD,4740,Gloria Li,https://findabroker.mfaa.com.au/broker/qian-li
ALEXANDRA,QLD,4740,Callan Hedges,https://findabroker.mfaa.com.au/broker/callan-hedges
ALEXANDRA,QLD,4740,Chris Cloete,https://findabroker.mfaa.com.au/broker/christiaan-cloete
ALFREDTOWN,NSW,2650,Chanae Gibbs,https://findabroker.mfaa.com.au/broker/chanae-gibbs
ALFREDTOWN,NSW,2650,Jonny Hanley,https://findabroker.mfaa.com.au/broker/jonathan-hanley
ALFREDTOWN,NSW,2650,Ian Apps,https://findabroker.mfaa.com.au/broker/ian-apps
ALFREDTOWN,NSW,2650,Dulip Ukwattha Liyanage,https://findabroker.mfaa.com.au/broker/dulip-ukwattha-liyanage
ALFREDTOWN,NSW,2650,Ryan Nelson,https://findabroker.mfaa.com.au/broker/ryan-nelson
ALFREDTOWN,NSW,2650,Jarrod Morrison,https://findabroker.mfaa.com.au/broker/jarrod-morrison
ALEXANDRA HILLS,QLD,4161,Victoria Hayward,https://findabroker.mfaa.com.au/broker/victoria-hayward
ALEXANDRA HILLS,QLD,4161,Jean-Philippe Bosquet,https://findabroker.mfaa.com.au/broker/jean-philippe-bosquet
ALEXANDRA HILLS,QLD,4161,Paul Cunningham,https://findabroker.mfaa.com.au/broker/paul-cunningham
ALEXANDRA HILLS,QLD,4161,Aaron Swyny,https://findabroker.mfaa.com.au/broker/aaron-swyny
ALEXANDRA HILLS,QLD,4161,Nathan Hughes,https://findabroker.mfaa.com.au/broker/nathan-hughes
ALFORD,SA,5555,Bethany Simpson,https://findabroker.mfaa.com.au/broker/bethany-simpson
ALCOMIE,TAS,7330,Peter Ellis,https://findabroker.mfaa.com.au/broker/peter-ellis
ALCOMIE,TAS,7330,Steve Daley,https://findabroker.mfaa.com.au/broker/steven-daley
ALFREDTON,VIC,3350,Elyse Fabian,https://findabroker.mfaa.com.au/broker/elyse-fabian
ALFREDTON,VIC,3350,Brett Leckie,https://findabroker.mfaa.com.au/broker/brett-leckie
ALFREDTON,VIC,3350,Mark Paget,https://findabroker.mfaa.com.au/broker/mark-paget
ALFREDTON,VIC,3350,Andrea Da Luz,https://findabroker.mfaa.com.au/broker/andrea-da-luz
ALFREDTON,VIC,3350,Lorenzo Scribani Rossi,https://findabroker.mfaa.com.au/broker/lorenzo-scribani-rossi
ALFREDTON,VIC,3350,Beulah Kufa,https://findabroker.mfaa.com.au/broker/beulah-kufa
ALFREDTON,VIC,3350,John Morley,https://findabroker.mfaa.com.au/broker/john-morley
ALDERSHOT,QLD,4650,Kiera Christopoulos,https://findabroker.mfaa.com.au/broker/kiera-christopoulos
ALDERSHOT,QLD,4650,Brenda Wei,https://findabroker.mfaa.com.au/broker/bin-brenda-wei
ALDERSHOT,QLD,4650,Andy Taranto,https://findabroker.mfaa.com.au/broker/andrew-taranto
ALDINGA,SA,5173,Daniel Kleinig,https://findabroker.mfaa.com.au/broker/daniel-kleinig
ALDINGA,SA,5173,David Mottram,https://findabroker.mfaa.com.au/broker/david-mottram
ALDINGA,SA,5173,Mike Yorke,https://findabroker.mfaa.com.au/broker/michael-yorke
ALDINGA,SA,5173,Caterina Clemente,https://findabroker.mfaa.com.au/broker/caterina-clemente
ALDINGA,SA,5173,Fran Jerome,https://findabroker.mfaa.com.au/broker/fran-jerome
ALDINGA,SA,5173,Cameron McPhan,https://findabroker.mfaa.com.au/broker/cameron-mcphan
ALDINGA,SA,5173,Natalie Wilcox,https://findabroker.mfaa.com.au/broker/natalie-wilcox
ALDINGA,SA,5173,Michelle Montgomery,https://findabroker.mfaa.com.au/broker/michelle-montgomery
ALDINGA,SA,5173,John Short,https://findabroker.mfaa.com.au/broker/john-short
ALEXANDER HEIGHTS,WA,6064,Soraya Francke,https://findabroker.mfaa.com.au/broker/soraya-francke
ALEXANDER HEIGHTS,WA,6064,Steve Durnin,https://findabroker.mfaa.com.au/broker/stephen-durnin
ALEXANDER HEIGHTS,WA,6064,Michael McKenzie,https://findabroker.mfaa.com.au/broker/michael-mckenzie
ALEXANDER HEIGHTS,WA,6064,Michael Privett,https://findabroker.mfaa.com.au/broker/michael-privett
ALEXANDER HEIGHTS,WA,6064,Chris Gerreyn,https://findabroker.mfaa.com.au/broker/christopher-gerreyn
ALEXANDER HEIGHTS,WA,6064,Jarrod Gillespie,https://findabroker.mfaa.com.au/broker/jarrod-gillespie
ALEXANDER HEIGHTS,WA,6064,Jodi Hackford,https://findabroker.mfaa.com.au/broker/jodi-hackford
ALEXANDER HEIGHTS,WA,6064,Sophie Morrow,https://findabroker.mfaa.com.au/broker/sophie-morrow
ALEXANDER HEIGHTS,WA,6064,Lisa Eral,https://findabroker.mfaa.com.au/broker/lisa-eral
ALEXANDER HEIGHTS,WA,6064,John Rose,https://findabroker.mfaa.com.au/broker/jean-robert-rose
ALEXANDER HEIGHTS,WA,6064,Jarrad Zen,https://findabroker.mfaa.com.au/broker/jarrad-zen
ALEXANDER HEIGHTS,WA,6064,Johnny Silvestro Silvestro,https://findabroker.mfaa.com.au/broker/johnny-silvestro
ALEXANDER HEIGHTS,WA,6064,Anthony Ruehland,https://findabroker.mfaa.com.au/broker/anthony-ruehland
ALEXANDER HEIGHTS,WA,6064,Enric Tarraso-Letang,https://findabroker.mfaa.com.au/broker/enric-tarraso-letang
ALEXANDER HEIGHTS,WA,6064,Leandro de Jesus,https://findabroker.mfaa.com.au/broker/leandro-de-jesus
ALEXANDER HEIGHTS,WA,6064,Kelly Gleeson,https://findabroker.mfaa.com.au/broker/kelly-gleeson
ALEXANDER HEIGHTS,WA,6064,Rose De Rossi,https://findabroker.mfaa.com.au/broker/rose-de-rossi
ALEXANDER HEIGHTS,WA,6064,Malkesh Maru,https://findabroker.mfaa.com.au/broker/malkesh-maru
ALEXANDER HEIGHTS,WA,6064,Rohan Kandiah,https://findabroker.mfaa.com.au/broker/rohan-kandiah
ALEXANDER HEIGHTS,WA,6064,Charmain Hughes,https://findabroker.mfaa.com.au/broker/charmain-hughes
ALEXANDRA HEADLAND,QLD,4572,Keith Balmer,https://findabroker.mfaa.com.au/broker/keith-balmer
ALEXANDRA HEADLAND,QLD,4572,Caleb Langelaan,https://findabroker.mfaa.com.au/broker/caleb-langelaan
ALEXANDRA HEADLAND,QLD,4572,David Rivalland,https://findabroker.mfaa.com.au/broker/david-rivalland
ALEXANDRA HEADLAND,QLD,4572,Sam Gibson,https://findabroker.mfaa.com.au/broker/samantha-gibson
ALEXANDRA HEADLAND,QLD,4572,Jenny Budiman,https://findabroker.mfaa.com.au/broker/jenny-budiman
ALEXANDRA HEADLAND,QLD,4572,Nikki Reid,https://findabroker.mfaa.com.au/broker/nicole-reid
ALEXANDRA HEADLAND,QLD,4572,Melanie Rose,https://findabroker.mfaa.com.au/broker/melanie-rose
ALEXANDRA HEADLAND,QLD,4572,John Smith,https://findabroker.mfaa.com.au/broker/john-smith
ALEXANDRA HEADLAND,QLD,4572,Michael McKelvie,https://findabroker.mfaa.com.au/broker/michael-mckelvie-2
ALEXANDRA HEADLAND,QLD,4572,David Lelean,https://findabroker.mfaa.com.au/broker/david-lelean
ALEXANDRIA,NSW,2015,Johanna Wang,https://findabroker.mfaa.com.au/broker/johanna-wang
ALEXANDRIA,NSW,2015,John Wang,https://findabroker.mfaa.com.au/broker/john-wang
ALEXANDRIA,NSW,2015,Pei Chen,https://findabroker.mfaa.com.au/broker/pei-juan-chen
ALEXANDRIA,NSW,2015,Cissy Fang,https://findabroker.mfaa.com.au/broker/qian-fang
ALEXANDRIA,NSW,2015,Tada Souvannavong,https://findabroker.mfaa.com.au/broker/tada-souvannavong
ALEXANDRIA,NSW,2015,Christine Tsesmelis,https://findabroker.mfaa.com.au/broker/christine-tsesmelis
ALEXANDRIA,NSW,2015,Adam Vizza,https://findabroker.mfaa.com.au/broker/adam-vizza
ALEXANDRIA,NSW,2015,Tom Wald,https://findabroker.mfaa.com.au/broker/thomas-wald
ALEXANDRIA,NSW,2015,Steven kipic,https://findabroker.mfaa.com.au/broker/steven-kipic
ALEXANDRIA,NSW,2015,Vanessa Zhang,https://findabroker.mfaa.com.au/broker/jingyu-zhang
ALEXANDRIA,NSW,2015,Lizzy Hossan,https://findabroker.mfaa.com.au/broker/lizzy-xie-hossan
ALEXANDRIA,NSW,2015,Monir Hossan,https://findabroker.mfaa.com.au/broker/md-monir-hossan
ALEXANDRIA,NSW,2015,Lynn Phan,https://findabroker.mfaa.com.au/broker/tran-thao-linh-phan
ALEXANDRIA,NSW,2015,Glenn Westoby,https://findabroker.mfaa.com.au/broker/glenn-westoby
ALFRED COVE,WA,6154,David Humble,https://findabroker.mfaa.com.au/broker/david-humble
ALFRED COVE,WA,6154,Michael HANCOCK,https://findabroker.mfaa.com.au/broker/michael-hancock
ALFRED COVE,WA,6154,Johnny Khaw,https://findabroker.mfaa.com.au/broker/you-qun-khaw
ALFRED COVE,WA,6154,Mark Sheng,https://findabroker.mfaa.com.au/broker/mark-sheng
ALFRED COVE,WA,6154,Dennis Smallwood,https://findabroker.mfaa.com.au/broker/dennis-smallwood
ALFRED COVE,WA,6154,Caleb Dalziell,https://findabroker.mfaa.com.au/broker/caleb-dalziell
ALFRED COVE,WA,6154,Chris White,https://findabroker.mfaa.com.au/broker/christopher-white-2
ALFRED COVE,WA,6154,Janet Chiam,https://findabroker.mfaa.com.au/broker/janet-chiam
ALFRED COVE,WA,6154,John Vodanovic,https://findabroker.mfaa.com.au/broker/john-vodanovic
ALFRED COVE,WA,6154,Gunjan Mehta,https://findabroker.mfaa.com.au/broker/gunjan-mehta
ALFRED COVE,WA,6154,Mihir Gandhi,https://findabroker.mfaa.com.au/broker/mihir-gandhi
ALFRED COVE,WA,6154,Neha Kalia,https://findabroker.mfaa.com.au/broker/neha-kalia
ALFRED COVE,WA,6154,Ananda Jayalath,https://findabroker.mfaa.com.au/broker/ananda-jayalath
ALFRED COVE,WA,6154,Rachel Eveson,https://findabroker.mfaa.com.au/broker/rachel-eveson
ALFRED COVE,WA,6154,Andre Ford,https://findabroker.mfaa.com.au/broker/andre-ford
ALLANDALE,QLD,4310,Nikki Harris,https://findabroker.mfaa.com.au/broker/nicole-harris
ALISON,NSW,2259,Chris van Rijswijk,https://findabroker.mfaa.com.au/broker/christopher-van-rijswijk
ALISON,NSW,2259,Dragana Andric,https://findabroker.mfaa.com.au/broker/dragana-andric
ALISON,NSW,2259,Mitchell Curtis,https://findabroker.mfaa.com.au/broker/mitchell-curtis
ALISON,NSW,2259,Richard Yu,https://findabroker.mfaa.com.au/broker/richard-yu
ALISON,NSW,2259,Binoy Zacharias,https://findabroker.mfaa.com.au/broker/binoy-zacharias
ALISON,NSW,2259,Adam Broughton,https://findabroker.mfaa.com.au/broker/adam-broughton
ALISON,NSW,2259,Matthew Keane,https://findabroker.mfaa.com.au/broker/matthew-keane
ALLANSFORD,VIC,3277,Fiona Bryce,https://findabroker.mfaa.com.au/broker/fiona-bryce
ALLANSFORD,VIC,3277,Greg Cook,https://findabroker.mfaa.com.au/broker/greg-cook
ALLAMBEE,VIC,3823,Jayde Lees,https://findabroker.mfaa.com.au/broker/jayde-lees
ALICE RIVER,QLD,4817,Mitchell Balderston,https://findabroker.mfaa.com.au/broker/mitchell-balderston
ALICE RIVER,QLD,4817,Graeme Inglis,https://findabroker.mfaa.com.au/broker/graeme-inglis
ALICE RIVER,QLD,4817,Lai Yan,https://findabroker.mfaa.com.au/broker/lai-yan
ALLENDALE EAST,SA,5291,Jessica Van Ruth,https://findabroker.mfaa.com.au/broker/jessica-van-ruth
ALLENDALE EAST,SA,5291,Vincent Wang,https://findabroker.mfaa.com.au/broker/ling-ying-wang
ALLANS FLAT,VIC,3691,Daniel Hustwaite,https://findabroker.mfaa.com.au/broker/daniel-hustwaite
ALLANS FLAT,VIC,3691,David Henderson,https://findabroker.mfaa.com.au/broker/david-henderson
ALLANS FLAT,VIC,3691,Dayne Kleeman,https://findabroker.mfaa.com.au/broker/dayne-kleeman
ALLAWAH,NSW,2218,Sam Eljerban,https://findabroker.mfaa.com.au/broker/houssam-eljerban
ALLENDALE,VIC,3364,John Maldonado,https://findabroker.mfaa.com.au/broker/john-maldonado
ALLENSTOWN,QLD,4700,Darren Prins,https://findabroker.mfaa.com.au/broker/darren-prins
ALLENSTOWN,QLD,4700,Graham Eggert,https://findabroker.mfaa.com.au/broker/graham-eggert
ALMADEN,QLD,4871,Mark Toole,https://findabroker.mfaa.com.au/broker/anthony-mark-kingsley-toole
ALMADEN,QLD,4871,Lori Bondzulic,https://findabroker.mfaa.com.au/broker/lori-ann-bondzulic
ALMADEN,QLD,4871,Victoria Sobczyk,https://findabroker.mfaa.com.au/broker/victoria-sobczyk
ALMADEN,QLD,4871,Nic Don,https://findabroker.mfaa.com.au/broker/nicholas-don
ALLAMBIE HEIGHTS,NSW,2100,Gurpreet Singh,https://findabroker.mfaa.com.au/broker/gurpreet-singh
ALLAMBIE HEIGHTS,NSW,2100,Jessica Nazari,https://findabroker.mfaa.com.au/broker/jessica-nazari
ALLAMBIE HEIGHTS,NSW,2100,George Zakher,https://findabroker.mfaa.com.au/broker/george-zakher
ALLAMBIE HEIGHTS,NSW,2100,Dawson Liu,https://findabroker.mfaa.com.au/broker/hao-liu-2
ALPINE,NSW,2575,Christopher Iannello,https://findabroker.mfaa.com.au/broker/christopher-iannello
ALMA,WA,6535,Ray Clark,https://findabroker.mfaa.com.au/broker/raymond-clark
ALLANSON,WA,6225,Chris Nieass,https://findabroker.mfaa.com.au/broker/christine-nieass
ALLENBY GARDENS,SA,5009,Jasmine Alexander,https://findabroker.mfaa.com.au/broker/jasmine-alexander
ALSTONVALE,NSW,2477,Melissa Murray,https://findabroker.mfaa.com.au/broker/melissa-murray
ALSTONVALE,NSW,2477,Tony Power,https://findabroker.mfaa.com.au/broker/anthony-power
ALSTONVALE,NSW,2477,Michael Pham,https://findabroker.mfaa.com.au/broker/michael-pham
ALVIE,VIC,3249,Jenny Quibell,https://findabroker.mfaa.com.au/broker/jenny-quibell
AMBERLEY,QLD,4306,Michelle Weymouth,https://findabroker.mfaa.com.au/broker/michelle-weymouth
AMITY,QLD,4183,Myriam M’Tair,https://findabroker.mfaa.com.au/broker/myriam-m’tair
ALMA,SA,5401,Andrea Gonzo,https://findabroker.mfaa.com.au/broker/andrea-gonzo
ANDREWS,SA,5454,Karlee Davern,https://findabroker.mfaa.com.au/broker/karlee-davern
ANCONA,VIC,3715,Jayde Buchan,https://findabroker.mfaa.com.au/broker/jayde-buchan
ANCONA,VIC,3715,James Burr,https://findabroker.mfaa.com.au/broker/james-burr
AL TONA,SA,5351,John LEARMONTH,https://findabroker.mfaa.com.au/broker/john-learmonth
ALUMY CREEK,NSW,2460,Anand Jhawar,https://findabroker.mfaa.com.au/broker/anand-jhawar
ALUMY CREEK,NSW,2460,Andy Derham,https://findabroker.mfaa.com.au/broker/andrew-derham
ANDREWS FARM,SA,5114,Melanie O'Connell,https://findabroker.mfaa.com.au/broker/melanie-oconnell
ANEMBO,NSW,2621,Fiona Hall,https://findabroker.mfaa.com.au/broker/fiona-hall
ANAKIE,VIC,3213,Priya Darshini Rana Rana,https://findabroker.mfaa.com.au/broker/priya-darshini-rana
ANAKIE,VIC,3213,John Kolevski,https://findabroker.mfaa.com.au/broker/john-kolevski
ANAKIE,VIC,3213,Jose Huang,https://findabroker.mfaa.com.au/broker/qiusheng-huang
ANAKIE,VIC,3213,Kevin Bates,https://findabroker.mfaa.com.au/broker/kevin-bates
ANAKIE,VIC,3213,Rosanna Crino-Sprague,https://findabroker.mfaa.com.au/broker/rosanna-crino-sprague
ANKETELL,WA,6167,Tony Moran,https://findabroker.mfaa.com.au/broker/anthony-moran
ARCADIA,NSW,2159,Kellie Finney,https://findabroker.mfaa.com.au/broker/kellie-finney
ARGENTON,NSW,2284,Mark Douglas,https://findabroker.mfaa.com.au/broker/mark-douglas
ARGENTON,NSW,2284,Sally Watson,https://findabroker.mfaa.com.au/broker/sally-ann-watson
AROONA,QLD,4551,Mathew Lotfi,https://findabroker.mfaa.com.au/broker/mathew-lotfi
ARMSTRONG CREEK,VIC,3217,Jarrod Attwood,https://findabroker.mfaa.com.au/broker/jarrod-attwood
ARMSTRONG CREEK,VIC,3217,Shaun Nembach,https://findabroker.mfaa.com.au/broker/shaun-nembach
ASHENDON,WA,6111,Sanjaya Liyanawatte,https://findabroker.mfaa.com.au/broker/sanjaya-liyanawatte
ASPENDALE,VIC,3195,James Robertson,https://findabroker.mfaa.com.au/broker/james-robertson
ASCOT,QLD,4359,Kevin Kazantzis,https://findabroker.mfaa.com.au/broker/paraskevas-kazantzis
ATWELL,WA,6164,Mandy Dickerson,https://findabroker.mfaa.com.au/broker/mandy-dickerson
